"filename", "language", "JavaScript", "PHP", "JSON with Comments", "JSON", "XML", "YAML", "Markdown", "CSS", "HTML", "comment", "blank", "total"
"c:\xampp\htdocs\VegaExpress\ActionPHP\editarPub.php", "PHP", 0, 2, 0, 0, 0, 0, 0, 0, 0, 0, 2, 4
"c:\xampp\htdocs\VegaExpress\ActionPHP\excluirPub.php", "PHP", 0, 17, 0, 0, 0, 0, 0, 0, 0, 0, 5, 22
"c:\xampp\htdocs\VegaExpress\ActionPHP\login.php", "PHP", 0, 35, 0, 0, 0, 0, 0, 0, 0, 0, 8, 43
"c:\xampp\htdocs\VegaExpress\ActionPHP\logout.php", "PHP", 0, 11, 0, 0, 0, 0, 0, 0, 0, 0, 0, 11
"c:\xampp\htdocs\VegaExpress\ActionPHP\novaPub.php", "PHP", 0, 42, 0, 0, 0, 0, 0, 0, 0, 3, 25, 70
"c:\xampp\htdocs\VegaExpress\ActionPHP\pesquisarPub.php", "PHP", 0, 18, 0, 0, 0, 0, 0, 0, 0, 0, 3, 21
"c:\xampp\htdocs\VegaExpress\ActionPHP\registrar.php", "PHP", 0, 72, 0, 0, 0, 0, 0, 0, 0, 9, 20, 101
"c:\xampp\htdocs\VegaExpress\ActionPHP\verificarEmail.php", "PHP", 0, 13, 0, 0, 0, 0, 0, 0, 0, 0, 5, 18
"c:\xampp\htdocs\VegaExpress\ActionsJS\ActionModalCep.js", "JavaScript", 6, 0, 0, 0, 0, 0, 0, 0, 0, 0, 1, 7
"c:\xampp\htdocs\VegaExpress\ActionsJS\ActionVerificarSessao.js", "JavaScript", 4, 0, 0, 0, 0, 0, 0, 0, 0, 0, 1, 5
"c:\xampp\htdocs\VegaExpress\ActionsJS\containerAction.js", "JavaScript", 3, 0, 0, 0, 0, 0, 0, 0, 0, 0, 1, 4
"c:\xampp\htdocs\VegaExpress\ActionsJS\dropdownButtonsAnim.js", "JavaScript", 0, 0, 0, 0, 0, 0, 0, 0, 0, 7, 0, 7
"c:\xampp\htdocs\VegaExpress\ActionsJS\imgZoom.js", "JavaScript", 0, 0, 0, 0, 0, 0, 0, 0, 0, 0, 1, 1
"c:\xampp\htdocs\VegaExpress\ActionsJS\inputImagensPreview.js", "JavaScript", 15, 0, 0, 0, 0, 0, 0, 0, 0, 0, 4, 19
"c:\xampp\htdocs\VegaExpress\ActionsJS\loginEmailCelularPreen.js", "JavaScript", 11, 0, 0, 0, 0, 0, 0, 0, 0, 0, 4, 15
"c:\xampp\htdocs\VegaExpress\ActionsJS\loginSenhaPreen.js", "JavaScript", 11, 0, 0, 0, 0, 0, 0, 0, 0, 0, 4, 15
"c:\xampp\htdocs\VegaExpress\ActionsJS\loginToast.js", "JavaScript", 4, 0, 0, 0, 0, 0, 0, 0, 0, 0, 0, 4
"c:\xampp\htdocs\VegaExpress\ActionsJS\modalAction.js", "JavaScript", 3, 0, 0, 0, 0, 0, 0, 0, 0, 0, 0, 3
"c:\xampp\htdocs\VegaExpress\ActionsJS\modalPrecoInvalido.js", "JavaScript", 15, 0, 0, 0, 0, 0, 0, 0, 0, 0, 5, 20
"c:\xampp\htdocs\VegaExpress\ActionsJS\perfilConfigBtnSelect.js", "JavaScript", 15, 0, 0, 0, 0, 0, 0, 0, 0, 0, 3, 18
"c:\xampp\htdocs\VegaExpress\ActionsJS\registroCelularAction.js", "JavaScript", 11, 0, 0, 0, 0, 0, 0, 0, 0, 0, 6, 17
"c:\xampp\htdocs\VegaExpress\ActionsJS\registroCepInvalidoAction.js", "JavaScript", 11, 0, 0, 0, 0, 0, 0, 0, 0, 0, 5, 16
"c:\xampp\htdocs\VegaExpress\ActionsJS\registroCepPreenAction.js", "JavaScript", 11, 0, 0, 0, 0, 0, 0, 0, 0, 0, 5, 16
"c:\xampp\htdocs\VegaExpress\ActionsJS\registroCidadePreenAction.js", "JavaScript", 11, 0, 0, 0, 0, 0, 0, 0, 0, 0, 3, 14
"c:\xampp\htdocs\VegaExpress\ActionsJS\registroEmailAction.js", "JavaScript", 11, 0, 0, 0, 0, 0, 0, 0, 0, 0, 6, 17
"c:\xampp\htdocs\VegaExpress\ActionsJS\registroEnderecoAction.js", "JavaScript", 11, 0, 0, 0, 0, 0, 0, 0, 0, 0, 6, 17
"c:\xampp\htdocs\VegaExpress\ActionsJS\registroNomeAction.js", "JavaScript", 22, 0, 0, 0, 0, 0, 0, 0, 0, 0, 5, 27
"c:\xampp\htdocs\VegaExpress\ActionsJS\registroNumeroPreenAction.js", "JavaScript", 11, 0, 0, 0, 0, 0, 0, 0, 0, 0, 3, 14
"c:\xampp\htdocs\VegaExpress\ActionsJS\registroSenhaCharAction.js", "JavaScript", 22, 0, 0, 0, 0, 0, 0, 0, 0, 0, 7, 29
"c:\xampp\htdocs\VegaExpress\ActionsJS\registroSenhaDiferenteAction.js", "JavaScript", 22, 0, 0, 0, 0, 0, 0, 0, 0, 0, 7, 29
"c:\xampp\htdocs\VegaExpress\ActionsJS\registroVerificarUsuario.js", "JavaScript", 0, 0, 0, 0, 0, 0, 0, 0, 0, 0, 1, 1
"c:\xampp\htdocs\VegaExpress\ActionsJS\sideBarAction.js", "JavaScript", 24, 0, 0, 0, 0, 0, 0, 0, 0, 7, 7, 38
"c:\xampp\htdocs\VegaExpress\ActionsJS\toastTimer.js", "JavaScript", 5, 0, 0, 0, 0, 0, 0, 0, 0, 0, 3, 8
"c:\xampp\htdocs\VegaExpress\JQuery 3.6.0\jquery-3.6.0.min.js", "JavaScript", 1, 0, 0, 0, 0, 0, 0, 0, 0, 1, 0, 2
"c:\xampp\htdocs\VegaExpress\JQuery 3.6.0\jquery.mask.js", "JavaScript", 472, 0, 0, 0, 0, 0, 0, 0, 0, 60, 73, 605
"c:\xampp\htdocs\VegaExpress\JQuery 3.6.0\jquery.mask.min.js", "JavaScript", 17, 0, 0, 0, 0, 0, 0, 0, 0, 2, 1, 20
"c:\xampp\htdocs\VegaExpress\JQuery 3.6.0\jquery.zoom.js", "JavaScript", 195, 0, 0, 0, 0, 0, 0, 0, 0, 15, 27, 237
"c:\xampp\htdocs\VegaExpress\JQuery 3.6.0\jquery.zoom.min.js", "JavaScript", 1, 0, 0, 0, 0, 0, 0, 0, 0, 5, 0, 6
"c:\xampp\htdocs\VegaExpress\README.md", "Markdown", 0, 0, 0, 0, 0, 0, 1, 0, 0, 0, 2, 3
"c:\xampp\htdocs\VegaExpress\VegaExpress.code-workspace", "JSON with Comments", 0, 0, 8, 0, 0, 0, 0, 0, 0, 0, 0, 8
"c:\xampp\htdocs\VegaExpress\app\Db\Database.php", "PHP", 0, 76, 0, 0, 0, 0, 0, 0, 0, 18, 25, 119
"c:\xampp\htdocs\VegaExpress\app\Entity\Autor.php", "PHP", 0, 24, 0, 0, 0, 0, 0, 0, 0, 0, 5, 29
"c:\xampp\htdocs\VegaExpress\app\Entity\Comentario.php", "PHP", 0, 28, 0, 0, 0, 0, 0, 0, 0, 0, 8, 36
"c:\xampp\htdocs\VegaExpress\app\Entity\Email.php", "PHP", 0, 39, 0, 0, 0, 0, 0, 0, 0, 14, 17, 70
"c:\xampp\htdocs\VegaExpress\app\Entity\Produto.php", "PHP", 0, 78, 0, 0, 0, 0, 0, 0, 0, 0, 26, 104
"c:\xampp\htdocs\VegaExpress\app\Entity\Publicacao.php", "PHP", 0, 64, 0, 0, 0, 0, 0, 0, 0, 7, 21, 92
"c:\xampp\htdocs\VegaExpress\app\Entity\Usuario.php", "PHP", 0, 103, 0, 0, 0, 0, 0, 0, 0, 5, 21, 129
"c:\xampp\htdocs\VegaExpress\app\Funcs\money_format.php", "PHP", 0, 91, 0, 0, 0, 0, 0, 0, 0, 12, 12, 115
"c:\xampp\htdocs\VegaExpress\bootstrap-5.0.0B3\css\bootstrap-grid.css", "CSS", 0, 0, 0, 0, 0, 0, 0, 3855, 0, 7, 1135, 4997
"c:\xampp\htdocs\VegaExpress\bootstrap-5.0.0B3\css\bootstrap-grid.min.css", "CSS", 0, 0, 0, 0, 0, 0, 0, 1, 0, 6, 0, 7
"c:\xampp\htdocs\VegaExpress\bootstrap-5.0.0B3\css\bootstrap-grid.rtl.css", "CSS", 0, 0, 0, 0, 0, 0, 0, 3855, 0, 7, 1134, 4996
"c:\xampp\htdocs\VegaExpress\bootstrap-5.0.0B3\css\bootstrap-grid.rtl.min.css", "CSS", 0, 0, 0, 0, 0, 0, 0, 1, 0, 6, 0, 7
"c:\xampp\htdocs\VegaExpress\bootstrap-5.0.0B3\css\bootstrap-reboot.css", "CSS", 0, 0, 0, 0, 0, 0, 0, 346, 0, 16, 64, 426
"c:\xampp\htdocs\VegaExpress\bootstrap-5.0.0B3\css\bootstrap-reboot.min.css", "CSS", 0, 0, 0, 0, 0, 0, 0, 1, 0, 7, 0, 8
"c:\xampp\htdocs\VegaExpress\bootstrap-5.0.0B3\css\bootstrap-reboot.rtl.css", "CSS", 0, 0, 0, 0, 0, 0, 0, 352, 0, 8, 63, 423
"c:\xampp\htdocs\VegaExpress\bootstrap-5.0.0B3\css\bootstrap-reboot.rtl.min.css", "CSS", 0, 0, 0, 0, 0, 0, 0, 1, 0, 7, 0, 8
"c:\xampp\htdocs\VegaExpress\bootstrap-5.0.0B3\css\bootstrap-utilities.css", "CSS", 0, 0, 0, 0, 0, 0, 0, 3634, 0, 9, 1109, 4752
"c:\xampp\htdocs\VegaExpress\bootstrap-5.0.0B3\css\bootstrap-utilities.min.css", "CSS", 0, 0, 0, 0, 0, 0, 0, 1, 0, 6, 0, 7
"c:\xampp\htdocs\VegaExpress\bootstrap-5.0.0B3\css\bootstrap-utilities.rtl.css", "CSS", 0, 0, 0, 0, 0, 0, 0, 3630, 0, 7, 1106, 4743
"c:\xampp\htdocs\VegaExpress\bootstrap-5.0.0B3\css\bootstrap-utilities.rtl.min.css", "CSS", 0, 0, 0, 0, 0, 0, 0, 1, 0, 6, 0, 7
"c:\xampp\htdocs\VegaExpress\bootstrap-5.0.0B3\css\bootstrap.css", "CSS", 0, 0, 0, 0, 0, 0, 0, 9088, 0, 27, 1714, 10829
"c:\xampp\htdocs\VegaExpress\bootstrap-5.0.0B3\css\bootstrap.min.css", "CSS", 0, 0, 0, 0, 0, 0, 0, 2, 0, 5, 0, 7
"c:\xampp\htdocs\VegaExpress\bootstrap-5.0.0B3\css\bootstrap.rtl.css", "CSS", 0, 0, 0, 0, 0, 0, 0, 9090, 0, 7, 1708, 10805
"c:\xampp\htdocs\VegaExpress\bootstrap-5.0.0B3\css\bootstrap.rtl.min.css", "CSS", 0, 0, 0, 0, 0, 0, 0, 2, 0, 5, 0, 7
"c:\xampp\htdocs\VegaExpress\bootstrap-5.0.0B3\js\bootstrap.bundle.js", "JavaScript", 4890, 0, 0, 0, 0, 0, 0, 0, 0, 560, 1326, 6776
"c:\xampp\htdocs\VegaExpress\bootstrap-5.0.0B3\js\bootstrap.bundle.min.js", "JavaScript", 1, 0, 0, 0, 0, 0, 0, 0, 0, 6, 0, 7
"c:\xampp\htdocs\VegaExpress\bootstrap-5.0.0B3\js\bootstrap.esm.js", "JavaScript", 3479, 0, 0, 0, 0, 0, 0, 0, 0, 472, 1044, 4995
"c:\xampp\htdocs\VegaExpress\bootstrap-5.0.0B3\js\bootstrap.esm.min.js", "JavaScript", 1, 0, 0, 0, 0, 0, 0, 0, 0, 6, 0, 7
"c:\xampp\htdocs\VegaExpress\bootstrap-5.0.0B3\js\bootstrap.js", "JavaScript", 3518, 0, 0, 0, 0, 0, 0, 0, 0, 478, 1048, 5044
"c:\xampp\htdocs\VegaExpress\bootstrap-5.0.0B3\js\bootstrap.min.js", "JavaScript", 1, 0, 0, 0, 0, 0, 0, 0, 0, 6, 0, 7
"c:\xampp\htdocs\VegaExpress\bootstrap-icons-1.4.0\search.svg", "XML", 0, 0, 0, 0, 3, 0, 0, 0, 0, 0, 0, 3
"c:\xampp\htdocs\VegaExpress\carrinho.php", "PHP", 0, 12, 0, 0, 0, 0, 0, 0, 0, 7, 11, 30
"c:\xampp\htdocs\VegaExpress\codigosSemUso.html", "HTML", 0, 0, 0, 0, 0, 0, 0, 0, 106, 14, 35, 155
"c:\xampp\htdocs\VegaExpress\composer.json", "JSON", 0, 0, 0, 12, 0, 0, 0, 0, 0, 0, 1, 13
"c:\xampp\htdocs\VegaExpress\composer.lock", "JSON", 0, 0, 0, 157, 0, 0, 0, 0, 0, 0, 1, 158
"c:\xampp\htdocs\VegaExpress\editarPub.php", "PHP", 0, 33, 0, 0, 0, 0, 0, 0, 0, 6, 16, 55
"c:\xampp\htdocs\VegaExpress\img\LogoTCC.svg", "XML", 0, 0, 0, 0, 45, 0, 0, 0, 0, 1, 1, 47
"c:\xampp\htdocs\VegaExpress\img\btns\edit.svg", "XML", 0, 0, 0, 0, 1, 0, 0, 0, 0, 0, 0, 1
"c:\xampp\htdocs\VegaExpress\img\btns\expand.svg", "XML", 0, 0, 0, 0, 1, 0, 0, 0, 0, 0, 0, 1
"c:\xampp\htdocs\VegaExpress\img\btns\profileConfig.svg", "XML", 0, 0, 0, 0, 1, 0, 0, 0, 0, 0, 0, 1
"c:\xampp\htdocs\VegaExpress\img\btns\star_rate.svg", "XML", 0, 0, 0, 0, 1, 0, 0, 0, 0, 0, 0, 1
"c:\xampp\htdocs\VegaExpress\img\carrinho\fundo.svg", "XML", 0, 0, 0, 0, 1, 0, 0, 0, 0, 0, 0, 1
"c:\xampp\htdocs\VegaExpress\img\criptos\Bitcoin.svg", "XML", 0, 0, 0, 0, 1, 0, 0, 0, 0, 0, 0, 1
"c:\xampp\htdocs\VegaExpress\img\criptos\Cardano.svg", "XML", 0, 0, 0, 0, 1, 0, 0, 0, 0, 0, 0, 1
"c:\xampp\htdocs\VegaExpress\img\criptos\Chainlink.svg", "XML", 0, 0, 0, 0, 1, 0, 0, 0, 0, 0, 0, 1
"c:\xampp\htdocs\VegaExpress\img\criptos\Ethereum.svg", "XML", 0, 0, 0, 0, 1, 0, 0, 0, 0, 0, 0, 1
"c:\xampp\htdocs\VegaExpress\img\criptos\Monero.svg", "XML", 0, 0, 0, 0, 1, 0, 0, 0, 0, 0, 0, 1
"c:\xampp\htdocs\VegaExpress\img\menu.svg", "XML", 0, 0, 0, 0, 1, 0, 0, 0, 0, 0, 0, 1
"c:\xampp\htdocs\VegaExpress\img\menu_open.svg", "XML", 0, 0, 0, 0, 1, 0, 0, 0, 0, 0, 0, 1
"c:\xampp\htdocs\VegaExpress\img\shopping_cart.svg", "XML", 0, 0, 0, 0, 1, 0, 0, 0, 0, 0, 0, 1
"c:\xampp\htdocs\VegaExpress\includesPag\PesquisaResultado.php", "PHP", 0, 241, 0, 0, 0, 0, 0, 0, 0, 7, 56, 304
"c:\xampp\htdocs\VegaExpress\includesPag\carousel.php", "PHP", 0, 30, 0, 0, 0, 0, 0, 0, 0, 0, 4, 34
"c:\xampp\htdocs\VegaExpress\includesPag\carrinho.php", "PHP", 0, 85, 0, 0, 0, 0, 0, 0, 0, 0, 20, 105
"c:\xampp\htdocs\VegaExpress\includesPag\footer.php", "PHP", 0, 9, 0, 0, 0, 0, 0, 0, 0, 0, 4, 13
"c:\xampp\htdocs\VegaExpress\includesPag\listagem.php", "PHP", 0, 85, 0, 0, 0, 0, 0, 0, 0, 0, 8, 93
"c:\xampp\htdocs\VegaExpress\includesPag\navbar.php", "PHP", 0, 196, 0, 0, 0, 0, 0, 0, 0, 0, 28, 224
"c:\xampp\htdocs\VegaExpress\includesPag\navbarSideBar.php", "PHP", 0, 97, 0, 0, 0, 0, 0, 0, 0, 0, 23, 120
"c:\xampp\htdocs\VegaExpress\includesPag\perfilU.php", "PHP", 0, 270, 0, 0, 0, 0, 0, 0, 0, 1, 64, 335
"c:\xampp\htdocs\VegaExpress\includesPag\pesquisa.php", "PHP", 0, 66, 0, 0, 0, 0, 0, 0, 0, 0, 23, 89
"c:\xampp\htdocs\VegaExpress\includesPag\registrarEmp.php", "PHP", 0, 258, 0, 0, 0, 0, 0, 0, 0, 29, 92, 379
"c:\xampp\htdocs\VegaExpress\includesPag\sobre.php", "PHP", 0, 49, 0, 0, 0, 0, 0, 0, 0, 0, 12, 61
"c:\xampp\htdocs\VegaExpress\includesPag\visualizacaoEditarProduto.php", "PHP", 0, 195, 0, 0, 0, 0, 0, 0, 0, 7, 37, 239
"c:\xampp\htdocs\VegaExpress\includesPag\visualizacaoProduto.php", "PHP", 0, 285, 0, 0, 0, 0, 0, 0, 0, 7, 57, 349
"c:\xampp\htdocs\VegaExpress\includes\fadeIn.css", "CSS", 0, 0, 0, 0, 0, 0, 0, 52, 0, 2, 7, 61
"c:\xampp\htdocs\VegaExpress\includes\link.css", "CSS", 0, 0, 0, 0, 0, 0, 0, 394, 0, 37, 123, 554
"c:\xampp\htdocs\VegaExpress\includes\login.css", "CSS", 0, 0, 0, 0, 0, 0, 0, 256, 0, 45, 60, 361
"c:\xampp\htdocs\VegaExpress\includes\perfil.css", "CSS", 0, 0, 0, 0, 0, 0, 0, 145, 0, 1, 35, 181
"c:\xampp\htdocs\VegaExpress\includes\pesquisa.css", "CSS", 0, 0, 0, 0, 0, 0, 0, 35, 0, 0, 8, 43
"c:\xampp\htdocs\VegaExpress\includes\publicacao.css", "CSS", 0, 0, 0, 0, 0, 0, 0, 123, 0, 2, 24, 149
"c:\xampp\htdocs\VegaExpress\includes\sideBar.css", "CSS", 0, 0, 0, 0, 0, 0, 0, 88, 0, 8, 30, 126
"c:\xampp\htdocs\VegaExpress\includes\sidebarT.css", "CSS", 0, 0, 0, 0, 0, 0, 0, 72, 0, 0, 11, 83
"c:\xampp\htdocs\VegaExpress\includes\visualizacaoProduto.css", "CSS", 0, 0, 0, 0, 0, 0, 0, 90, 0, 14, 32, 136
"c:\xampp\htdocs\VegaExpress\index.php", "PHP", 0, 36, 0, 0, 0, 0, 0, 0, 0, 11, 17, 64
"c:\xampp\htdocs\VegaExpress\package-lock.json", "JSON", 0, 0, 0, 28, 0, 0, 0, 0, 0, 0, 1, 29
"c:\xampp\htdocs\VegaExpress\package.json", "JSON", 0, 0, 0, 5, 0, 0, 0, 0, 0, 0, 1, 6
"c:\xampp\htdocs\VegaExpress\perfil.php", "PHP", 0, 18, 0, 0, 0, 0, 0, 0, 0, 4, 5, 27
"c:\xampp\htdocs\VegaExpress\pesquisa.php", "PHP", 0, 19, 0, 0, 0, 0, 0, 0, 0, 6, 9, 34
"c:\xampp\htdocs\VegaExpress\produto.php", "PHP", 0, 19, 0, 0, 0, 0, 0, 0, 0, 4, 8, 31
"c:\xampp\htdocs\VegaExpress\registroEmpresa.php", "PHP", 0, 16, 0, 0, 0, 0, 0, 0, 0, 5, 4, 25
"c:\xampp\htdocs\VegaExpress\sidebarT.php", "PHP", 0, 85, 0, 0, 0, 0, 0, 0, 0, 0, 8, 93
"c:\xampp\htdocs\VegaExpress\sobreN.php", "PHP", 0, 13, 0, 0, 0, 0, 0, 0, 0, 4, 5, 22
"c:\xampp\htdocs\VegaExpress\vendor\autoload.php", "PHP", 0, 3, 0, 0, 0, 0, 0, 0, 0, 1, 4, 8
"c:\xampp\htdocs\VegaExpress\vendor\composer\ClassLoader.php", "PHP", 0, 275, 0, 0, 0, 0, 0, 0, 0, 153, 52, 480
"c:\xampp\htdocs\VegaExpress\vendor\composer\InstalledVersions.php", "PHP", 0, 171, 0, 0, 0, 0, 0, 0, 0, 0, 131, 302
"c:\xampp\htdocs\VegaExpress\vendor\composer\autoload_classmap.php", "PHP", 0, 21, 0, 0, 0, 0, 0, 0, 0, 1, 4, 26
"c:\xampp\htdocs\VegaExpress\vendor\composer\autoload_namespaces.php", "PHP", 0, 6, 0, 0, 0, 0, 0, 0, 0, 1, 4, 11
"c:\xampp\htdocs\VegaExpress\vendor\composer\autoload_psr4.php", "PHP", 0, 7, 0, 0, 0, 0, 0, 0, 0, 1, 4, 12
"c:\xampp\htdocs\VegaExpress\vendor\composer\autoload_real.php", "PHP", 0, 41, 0, 0, 0, 0, 0, 0, 0, 4, 13, 58
"c:\xampp\htdocs\VegaExpress\vendor\composer\autoload_static.php", "PHP", 0, 64, 0, 0, 0, 0, 0, 0, 0, 1, 9, 74
"c:\xampp\htdocs\VegaExpress\vendor\composer\installed.json", "JSON", 0, 0, 0, 150, 0, 0, 0, 0, 0, 0, 1, 151
"c:\xampp\htdocs\VegaExpress\vendor\composer\installed.php", "PHP", 0, 42, 0, 0, 0, 0, 0, 0, 0, 0, 1, 43
"c:\xampp\htdocs\VegaExpress\vendor\composer\platform_check.php", "PHP", 0, 21, 0, 0, 0, 0, 0, 0, 0, 1, 5, 27
"c:\xampp\htdocs\VegaExpress\vendor\mobiledetect\mobiledetectlib\Mobile_Detect.json", "JSON", 0, 0, 0, 1, 0, 0, 0, 0, 0, 0, 0, 1
"c:\xampp\htdocs\VegaExpress\vendor\mobiledetect\mobiledetectlib\Mobile_Detect.php", "PHP", 0, 678, 0, 0, 0, 0, 0, 0, 0, 850, 156, 1684
"c:\xampp\htdocs\VegaExpress\vendor\mobiledetect\mobiledetectlib\README.md", "Markdown", 0, 0, 0, 0, 0, 0, 232, 0, 0, 0, 113, 345
"c:\xampp\htdocs\VegaExpress\vendor\mobiledetect\mobiledetectlib\composer.json", "JSON", 0, 0, 0, 31, 0, 0, 0, 0, 0, 0, 1, 32
"c:\xampp\htdocs\VegaExpress\vendor\mobiledetect\mobiledetectlib\docker-compose.yml", "YAML", 0, 0, 0, 0, 0, 15, 0, 0, 0, 0, 1, 16
"c:\xampp\htdocs\VegaExpress\vendor\mobiledetect\mobiledetectlib\docs\CONTRIBUTING.md", "Markdown", 0, 0, 0, 0, 0, 0, 40, 0, 0, 0, 8, 48
"c:\xampp\htdocs\VegaExpress\vendor\mobiledetect\mobiledetectlib\docs\HISTORY.md", "Markdown", 0, 0, 0, 0, 0, 0, 6, 0, 0, 0, 6, 12
"c:\xampp\htdocs\VegaExpress\vendor\mobiledetect\mobiledetectlib\docs\ISSUE_TEMPLATE.md", "Markdown", 0, 0, 0, 0, 0, 0, 8, 0, 0, 0, 7, 15
"c:\xampp\htdocs\VegaExpress\vendor\mobiledetect\mobiledetectlib\docs\KNOWN_LIMITATIONS.md", "Markdown", 0, 0, 0, 0, 0, 0, 13, 0, 0, 0, 2, 15
"c:\xampp\htdocs\VegaExpress\vendor\mobiledetect\mobiledetectlib\export\exportToJSON.php", "PHP", 0, 28, 0, 0, 0, 0, 0, 0, 0, 32, 8, 68
"c:\xampp\htdocs\VegaExpress\vendor\mobiledetect\mobiledetectlib\namespaced\Detection\MobileDetect.php", "PHP", 0, 4, 0, 0, 0, 0, 0, 0, 0, 16, 3, 23
"c:\xampp\htdocs\VegaExpress\vendor\mobiledetect\mobiledetectlib\phpcs.xml", "XML", 0, 0, 0, 0, 20, 0, 0, 0, 0, 0, 0, 20
"c:\xampp\htdocs\VegaExpress\vendor\phpmailer\phpmailer\README.md", "Markdown", 0, 0, 0, 0, 0, 0, 160, 0, 0, 0, 63, 223
"c:\xampp\htdocs\VegaExpress\vendor\phpmailer\phpmailer\SECURITY.md", "Markdown", 0, 0, 0, 0, 0, 0, 16, 0, 0, 0, 17, 33
"c:\xampp\htdocs\VegaExpress\vendor\phpmailer\phpmailer\composer.json", "JSON", 0, 0, 0, 65, 0, 0, 0, 0, 0, 0, 1, 66
"c:\xampp\htdocs\VegaExpress\vendor\phpmailer\phpmailer\get_oauth_token.php", "PHP", 0, 84, 0, 0, 0, 0, 0, 0, 0, 46, 17, 147
"c:\xampp\htdocs\VegaExpress\vendor\phpmailer\phpmailer\language\phpmailer.lang-af.php", "PHP", 0, 20, 0, 0, 0, 0, 0, 0, 0, 4, 3, 27
"c:\xampp\htdocs\VegaExpress\vendor\phpmailer\phpmailer\language\phpmailer.lang-ar.php", "PHP", 0, 21, 0, 0, 0, 0, 0, 0, 0, 5, 3, 29
"c:\xampp\htdocs\VegaExpress\vendor\phpmailer\phpmailer\language\phpmailer.lang-az.php", "PHP", 0, 19, 0, 0, 0, 0, 0, 0, 0, 6, 3, 28
"c:\xampp\htdocs\VegaExpress\vendor\phpmailer\phpmailer\language\phpmailer.lang-ba.php", "PHP", 0, 20, 0, 0, 0, 0, 0, 0, 0, 5, 3, 28
"c:\xampp\htdocs\VegaExpress\vendor\phpmailer\phpmailer\language\phpmailer.lang-be.php", "PHP", 0, 19, 0, 0, 0, 0, 0, 0, 0, 6, 3, 28
"c:\xampp\htdocs\VegaExpress\vendor\phpmailer\phpmailer\language\phpmailer.lang-bg.php", "PHP", 0, 20, 0, 0, 0, 0, 0, 0, 0, 5, 3, 28
"c:\xampp\htdocs\VegaExpress\vendor\phpmailer\phpmailer\language\phpmailer.lang-ca.php", "PHP", 0, 19, 0, 0, 0, 0, 0, 0, 0, 6, 3, 28
"c:\xampp\htdocs\VegaExpress\vendor\phpmailer\phpmailer\language\phpmailer.lang-ch.php", "PHP", 0, 13, 0, 0, 0, 0, 0, 0, 0, 12, 3, 28
"c:\xampp\htdocs\VegaExpress\vendor\phpmailer\phpmailer\language\phpmailer.lang-cs.php", "PHP", 0, 22, 0, 0, 0, 0, 0, 0, 0, 4, 3, 29
"c:\xampp\htdocs\VegaExpress\vendor\phpmailer\phpmailer\language\phpmailer.lang-da.php", "PHP", 0, 20, 0, 0, 0, 0, 0, 0, 0, 7, 3, 30
"c:\xampp\htdocs\VegaExpress\vendor\phpmailer\phpmailer\language\phpmailer.lang-de.php", "PHP", 0, 22, 0, 0, 0, 0, 0, 0, 0, 4, 3, 29
"c:\xampp\htdocs\VegaExpress\vendor\phpmailer\phpmailer\language\phpmailer.lang-el.php", "PHP", 0, 19, 0, 0, 0, 0, 0, 0, 0, 5, 3, 27
"c:\xampp\htdocs\VegaExpress\vendor\phpmailer\phpmailer\language\phpmailer.lang-eo.php", "PHP", 0, 20, 0, 0, 0, 0, 0, 0, 0, 4, 3, 27
"c:\xampp\htdocs\VegaExpress\vendor\phpmailer\phpmailer\language\phpmailer.lang-es.php", "PHP", 0, 20, 0, 0, 0, 0, 0, 0, 0, 5, 3, 28
"c:\xampp\htdocs\VegaExpress\vendor\phpmailer\phpmailer\language\phpmailer.lang-et.php", "PHP", 0, 20, 0, 0, 0, 0, 0, 0, 0, 6, 3, 29
"c:\xampp\htdocs\VegaExpress\vendor\phpmailer\phpmailer\language\phpmailer.lang-fa.php", "PHP", 0, 20, 0, 0, 0, 0, 0, 0, 0, 6, 3, 29
"c:\xampp\htdocs\VegaExpress\vendor\phpmailer\phpmailer\language\phpmailer.lang-fi.php", "PHP", 0, 14, 0, 0, 0, 0, 0, 0, 0, 12, 3, 29
"c:\xampp\htdocs\VegaExpress\vendor\phpmailer\phpmailer\language\phpmailer.lang-fo.php", "PHP", 0, 13, 0, 0, 0, 0, 0, 0, 0, 12, 3, 28
"c:\xampp\htdocs\VegaExpress\vendor\phpmailer\phpmailer\language\phpmailer.lang-fr.php", "PHP", 0, 22, 0, 0, 0, 0, 0, 0, 0, 8, 3, 33
"c:\xampp\htdocs\VegaExpress\vendor\phpmailer\phpmailer\language\phpmailer.lang-gl.php", "PHP", 0, 19, 0, 0, 0, 0, 0, 0, 0, 6, 3, 28
"c:\xampp\htdocs\VegaExpress\vendor\phpmailer\phpmailer\language\phpmailer.lang-he.php", "PHP", 0, 19, 0, 0, 0, 0, 0, 0, 0, 6, 3, 28
"c:\xampp\htdocs\VegaExpress\vendor\phpmailer\phpmailer\language\phpmailer.lang-hi.php", "PHP", 0, 20, 0, 0, 0, 0, 0, 0, 0, 5, 3, 28
"c:\xampp\htdocs\VegaExpress\vendor\phpmailer\phpmailer\language\phpmailer.lang-hr.php", "PHP", 0, 20, 0, 0, 0, 0, 0, 0, 0, 5, 3, 28
"c:\xampp\htdocs\VegaExpress\vendor\phpmailer\phpmailer\language\phpmailer.lang-hu.php", "PHP", 0, 20, 0, 0, 0, 0, 0, 0, 0, 5, 3, 28
"c:\xampp\htdocs\VegaExpress\vendor\phpmailer\phpmailer\language\phpmailer.lang-hy.php", "PHP", 0, 20, 0, 0, 0, 0, 0, 0, 0, 5, 3, 28
"c:\xampp\htdocs\VegaExpress\vendor\phpmailer\phpmailer\language\phpmailer.lang-id.php", "PHP", 0, 22, 0, 0, 0, 0, 0, 0, 0, 7, 3, 32
"c:\xampp\htdocs\VegaExpress\vendor\phpmailer\phpmailer\language\phpmailer.lang-it.php", "PHP", 0, 20, 0, 0, 0, 0, 0, 0, 0, 6, 3, 29
"c:\xampp\htdocs\VegaExpress\vendor\phpmailer\phpmailer\language\phpmailer.lang-ja.php", "PHP", 0, 13, 0, 0, 0, 0, 0, 0, 0, 13, 3, 29
"c:\xampp\htdocs\VegaExpress\vendor\phpmailer\phpmailer\language\phpmailer.lang-ka.php", "PHP", 0, 20, 0, 0, 0, 0, 0, 0, 0, 5, 3, 28
"c:\xampp\htdocs\VegaExpress\vendor\phpmailer\phpmailer\language\phpmailer.lang-ko.php", "PHP", 0, 20, 0, 0, 0, 0, 0, 0, 0, 5, 3, 28
"c:\xampp\htdocs\VegaExpress\vendor\phpmailer\phpmailer\language\phpmailer.lang-lt.php", "PHP", 0, 19, 0, 0, 0, 0, 0, 0, 0, 6, 3, 28
"c:\xampp\htdocs\VegaExpress\vendor\phpmailer\phpmailer\language\phpmailer.lang-lv.php", "PHP", 0, 19, 0, 0, 0, 0, 0, 0, 0, 6, 3, 28
"c:\xampp\htdocs\VegaExpress\vendor\phpmailer\phpmailer\language\phpmailer.lang-mg.php", "PHP", 0, 20, 0, 0, 0, 0, 0, 0, 0, 5, 3, 28
"c:\xampp\htdocs\VegaExpress\vendor\phpmailer\phpmailer\language\phpmailer.lang-ms.php", "PHP", 0, 20, 0, 0, 0, 0, 0, 0, 0, 5, 3, 28
"c:\xampp\htdocs\VegaExpress\vendor\phpmailer\phpmailer\language\phpmailer.lang-nb.php", "PHP", 0, 20, 0, 0, 0, 0, 0, 0, 0, 4, 3, 27
"c:\xampp\htdocs\VegaExpress\vendor\phpmailer\phpmailer\language\phpmailer.lang-nl.php", "PHP", 0, 22, 0, 0, 0, 0, 0, 0, 0, 5, 3, 30
"c:\xampp\htdocs\VegaExpress\vendor\phpmailer\phpmailer\language\phpmailer.lang-pl.php", "PHP", 0, 21, 0, 0, 0, 0, 0, 0, 0, 4, 3, 28
"c:\xampp\htdocs\VegaExpress\vendor\phpmailer\phpmailer\language\phpmailer.lang-pt.php", "PHP", 0, 20, 0, 0, 0, 0, 0, 0, 0, 5, 3, 28
"c:\xampp\htdocs\VegaExpress\vendor\phpmailer\phpmailer\language\phpmailer.lang-pt_br.php", "PHP", 0, 20, 0, 0, 0, 0, 0, 0, 0, 8, 3, 31
"c:\xampp\htdocs\VegaExpress\vendor\phpmailer\phpmailer\language\phpmailer.lang-ro.php", "PHP", 0, 20, 0, 0, 0, 0, 0, 0, 0, 5, 3, 28
"c:\xampp\htdocs\VegaExpress\vendor\phpmailer\phpmailer\language\phpmailer.lang-ru.php", "PHP", 0, 20, 0, 0, 0, 0, 0, 0, 0, 6, 3, 29
"c:\xampp\htdocs\VegaExpress\vendor\phpmailer\phpmailer\language\phpmailer.lang-sk.php", "PHP", 0, 22, 0, 0, 0, 0, 0, 0, 0, 6, 3, 31
"c:\xampp\htdocs\VegaExpress\vendor\phpmailer\phpmailer\language\phpmailer.lang-sl.php", "PHP", 0, 22, 0, 0, 0, 0, 0, 0, 0, 7, 3, 32
"c:\xampp\htdocs\VegaExpress\vendor\phpmailer\phpmailer\language\phpmailer.lang-sr.php", "PHP", 0, 20, 0, 0, 0, 0, 0, 0, 0, 6, 3, 29
"c:\xampp\htdocs\VegaExpress\vendor\phpmailer\phpmailer\language\phpmailer.lang-sr_latn.php", "PHP", 0, 20, 0, 0, 0, 0, 0, 0, 0, 6, 3, 29
"c:\xampp\htdocs\VegaExpress\vendor\phpmailer\phpmailer\language\phpmailer.lang-sv.php", "PHP", 0, 19, 0, 0, 0, 0, 0, 0, 0, 6, 3, 28
"c:\xampp\htdocs\VegaExpress\vendor\phpmailer\phpmailer\language\phpmailer.lang-tl.php", "PHP", 0, 20, 0, 0, 0, 0, 0, 0, 0, 6, 3, 29
"c:\xampp\htdocs\VegaExpress\vendor\phpmailer\phpmailer\language\phpmailer.lang-tr.php", "PHP", 0, 20, 0, 0, 0, 0, 0, 0, 0, 9, 3, 32
"c:\xampp\htdocs\VegaExpress\vendor\phpmailer\phpmailer\language\phpmailer.lang-uk.php", "PHP", 0, 20, 0, 0, 0, 0, 0, 0, 0, 6, 3, 29
"c:\xampp\htdocs\VegaExpress\vendor\phpmailer\phpmailer\language\phpmailer.lang-vi.php", "PHP", 0, 19, 0, 0, 0, 0, 0, 0, 0, 6, 3, 28
"c:\xampp\htdocs\VegaExpress\vendor\phpmailer\phpmailer\language\phpmailer.lang-zh.php", "PHP", 0, 20, 0, 0, 0, 0, 0, 0, 0, 7, 3, 30
"c:\xampp\htdocs\VegaExpress\vendor\phpmailer\phpmailer\language\phpmailer.lang-zh_cn.php", "PHP", 0, 20, 0, 0, 0, 0, 0, 0, 0, 7, 3, 30
"c:\xampp\htdocs\VegaExpress\vendor\phpmailer\phpmailer\src\Exception.php", "PHP", 0, 9, 0, 0, 0, 0, 0, 0, 0, 28, 4, 41
"c:\xampp\htdocs\VegaExpress\vendor\phpmailer\phpmailer\src\OAuth.php", "PHP", 0, 46, 0, 0, 0, 0, 0, 0, 0, 79, 15, 140
"c:\xampp\htdocs\VegaExpress\vendor\phpmailer\phpmailer\src\PHPMailer.php", "PHP", 0, 2745, 0, 0, 0, 0, 0, 0, 0, 1834, 370, 4949
"c:\xampp\htdocs\VegaExpress\vendor\phpmailer\phpmailer\src\POP3.php", "PHP", 0, 171, 0, 0, 0, 0, 0, 0, 0, 229, 49, 449
"c:\xampp\htdocs\VegaExpress\vendor\phpmailer\phpmailer\src\SMTP.php", "PHP", 0, 717, 0, 0, 0, 0, 0, 0, 0, 598, 141, 1456
"Total", "-", 12835, 8982, 8, 449, 81, 15, 476, 35115, 106, 6247, 14092, 78406