"filename", "language", "JavaScript", "Markdown", "JSON", "YAML", "XML", "PHP", "JSON with Comments", "SQL", "CSS", "HTML", "comment", "blank", "total"
"c:\xampp\htdocs\VegaExpress\ActionPHP\adicionarCarrinho.php", "PHP", 0, 0, 0, 0, 0, 29, 0, 0, 0, 0, 1, 8, 38
"c:\xampp\htdocs\VegaExpress\ActionPHP\editarPerfil.php", "PHP", 0, 0, 0, 0, 0, 64, 0, 0, 0, 0, 0, 28, 92
"c:\xampp\htdocs\VegaExpress\ActionPHP\editarPub.php", "PHP", 0, 0, 0, 0, 0, 37, 0, 0, 0, 0, 0, 9, 46
"c:\xampp\htdocs\VegaExpress\ActionPHP\excluirPub.php", "PHP", 0, 0, 0, 0, 0, 27, 0, 0, 0, 0, 0, 7, 34
"c:\xampp\htdocs\VegaExpress\ActionPHP\login.php", "PHP", 0, 0, 0, 0, 0, 35, 0, 0, 0, 0, 0, 8, 43
"c:\xampp\htdocs\VegaExpress\ActionPHP\logout.php", "PHP", 0, 0, 0, 0, 0, 11, 0, 0, 0, 0, 0, 0, 11
"c:\xampp\htdocs\VegaExpress\ActionPHP\mudarSenha.php", "PHP", 0, 0, 0, 0, 0, 31, 0, 0, 0, 0, 0, 6, 37
"c:\xampp\htdocs\VegaExpress\ActionPHP\novaAvaliacao.php", "PHP", 0, 0, 0, 0, 0, 17, 0, 0, 0, 0, 0, 6, 23
"c:\xampp\htdocs\VegaExpress\ActionPHP\novaPub.php", "PHP", 0, 0, 0, 0, 0, 42, 0, 0, 0, 0, 3, 26, 71
"c:\xampp\htdocs\VegaExpress\ActionPHP\pesquisarPub.php", "PHP", 0, 0, 0, 0, 0, 37, 0, 0, 0, 0, 0, 9, 46
"c:\xampp\htdocs\VegaExpress\ActionPHP\registrar.php", "PHP", 0, 0, 0, 0, 0, 73, 0, 0, 0, 0, 9, 20, 102
"c:\xampp\htdocs\VegaExpress\ActionPHP\registrarCompra.php", "PHP", 0, 0, 0, 0, 0, 18, 0, 0, 0, 0, 0, 6, 24
"c:\xampp\htdocs\VegaExpress\ActionPHP\removerProdutoCarrinho.php", "PHP", 0, 0, 0, 0, 0, 20, 0, 0, 0, 0, 0, 4, 24
"c:\xampp\htdocs\VegaExpress\ActionPHP\verificarEmail.php", "PHP", 0, 0, 0, 0, 0, 52, 0, 0, 0, 0, 13, 13, 78
"c:\xampp\htdocs\VegaExpress\ActionsJS\ActionModalCep.js", "JavaScript", 6, 0, 0, 0, 0, 0, 0, 0, 0, 0, 0, 1, 7
"c:\xampp\htdocs\VegaExpress\ActionsJS\ActionVerificarSessao.js", "JavaScript", 4, 0, 0, 0, 0, 0, 0, 0, 0, 0, 0, 1, 5
"c:\xampp\htdocs\VegaExpress\ActionsJS\containerAction.js", "JavaScript", 3, 0, 0, 0, 0, 0, 0, 0, 0, 0, 0, 1, 4
"c:\xampp\htdocs\VegaExpress\ActionsJS\cropper.min.js", "JavaScript", 1, 0, 0, 0, 0, 0, 0, 0, 0, 0, 9, 0, 10
"c:\xampp\htdocs\VegaExpress\ActionsJS\dropdownButtonsAnim.js", "JavaScript", 0, 0, 0, 0, 0, 0, 0, 0, 0, 0, 7, 0, 7
"c:\xampp\htdocs\VegaExpress\ActionsJS\editImagePreview.js", "JavaScript", 0, 0, 0, 0, 0, 0, 0, 0, 0, 0, 0, 1, 1
"c:\xampp\htdocs\VegaExpress\ActionsJS\formatarNumeroReal.js", "JavaScript", 4, 0, 0, 0, 0, 0, 0, 0, 0, 0, 0, 0, 4
"c:\xampp\htdocs\VegaExpress\ActionsJS\imgZoom.js", "JavaScript", 0, 0, 0, 0, 0, 0, 0, 0, 0, 0, 0, 1, 1
"c:\xampp\htdocs\VegaExpress\ActionsJS\inputImagensPreview.js", "JavaScript", 14, 0, 0, 0, 0, 0, 0, 0, 0, 0, 0, 1, 15
"c:\xampp\htdocs\VegaExpress\ActionsJS\inputImagensPreviewCropper.js", "JavaScript", 67, 0, 0, 0, 0, 0, 0, 0, 0, 0, 0, 36, 103
"c:\xampp\htdocs\VegaExpress\ActionsJS\loginEmailCelularPreen.js", "JavaScript", 11, 0, 0, 0, 0, 0, 0, 0, 0, 0, 0, 4, 15
"c:\xampp\htdocs\VegaExpress\ActionsJS\loginSenhaPreen.js", "JavaScript", 11, 0, 0, 0, 0, 0, 0, 0, 0, 0, 0, 4, 15
"c:\xampp\htdocs\VegaExpress\ActionsJS\loginToast.js", "JavaScript", 4, 0, 0, 0, 0, 0, 0, 0, 0, 0, 0, 0, 4
"c:\xampp\htdocs\VegaExpress\ActionsJS\modalAction.js", "JavaScript", 3, 0, 0, 0, 0, 0, 0, 0, 0, 0, 0, 0, 3
"c:\xampp\htdocs\VegaExpress\ActionsJS\modalPrecoInvalido.js", "JavaScript", 15, 0, 0, 0, 0, 0, 0, 0, 0, 0, 0, 5, 20
"c:\xampp\htdocs\VegaExpress\ActionsJS\perfilConfigBtnSelect.js", "JavaScript", 15, 0, 0, 0, 0, 0, 0, 0, 0, 0, 0, 3, 18
"c:\xampp\htdocs\VegaExpress\ActionsJS\registroCelularAction.js", "JavaScript", 11, 0, 0, 0, 0, 0, 0, 0, 0, 0, 0, 6, 17
"c:\xampp\htdocs\VegaExpress\ActionsJS\registroCepInvalidoAction.js", "JavaScript", 11, 0, 0, 0, 0, 0, 0, 0, 0, 0, 0, 5, 16
"c:\xampp\htdocs\VegaExpress\ActionsJS\registroCepPreenAction.js", "JavaScript", 11, 0, 0, 0, 0, 0, 0, 0, 0, 0, 0, 5, 16
"c:\xampp\htdocs\VegaExpress\ActionsJS\registroCidadePreenAction.js", "JavaScript", 11, 0, 0, 0, 0, 0, 0, 0, 0, 0, 0, 3, 14
"c:\xampp\htdocs\VegaExpress\ActionsJS\registroEmailAction.js", "JavaScript", 11, 0, 0, 0, 0, 0, 0, 0, 0, 0, 0, 6, 17
"c:\xampp\htdocs\VegaExpress\ActionsJS\registroEnderecoAction.js", "JavaScript", 11, 0, 0, 0, 0, 0, 0, 0, 0, 0, 0, 6, 17
"c:\xampp\htdocs\VegaExpress\ActionsJS\registroNomeAction.js", "JavaScript", 22, 0, 0, 0, 0, 0, 0, 0, 0, 0, 0, 5, 27
"c:\xampp\htdocs\VegaExpress\ActionsJS\registroNumeroPreenAction.js", "JavaScript", 11, 0, 0, 0, 0, 0, 0, 0, 0, 0, 0, 3, 14
"c:\xampp\htdocs\VegaExpress\ActionsJS\registroSenhaCharAction.js", "JavaScript", 22, 0, 0, 0, 0, 0, 0, 0, 0, 0, 0, 7, 29
"c:\xampp\htdocs\VegaExpress\ActionsJS\registroSenhaDiferenteAction.js", "JavaScript", 22, 0, 0, 0, 0, 0, 0, 0, 0, 0, 0, 7, 29
"c:\xampp\htdocs\VegaExpress\ActionsJS\registroVerificarUsuario.js", "JavaScript", 0, 0, 0, 0, 0, 0, 0, 0, 0, 0, 0, 1, 1
"c:\xampp\htdocs\VegaExpress\ActionsJS\sideBarAction.js", "JavaScript", 24, 0, 0, 0, 0, 0, 0, 0, 0, 0, 7, 7, 38
"c:\xampp\htdocs\VegaExpress\ActionsJS\toastTimer.js", "JavaScript", 5, 0, 0, 0, 0, 0, 0, 0, 0, 0, 0, 3, 8
"c:\xampp\htdocs\VegaExpress\JQuery 3.6.0\bindings\inputmask.binding.js", "JavaScript", 20, 0, 0, 0, 0, 0, 0, 0, 0, 0, 6, 1, 27
"c:\xampp\htdocs\VegaExpress\JQuery 3.6.0\inputmask.js", "JavaScript", 2818, 0, 0, 0, 0, 0, 0, 0, 0, 0, 7, 29, 2854
"c:\xampp\htdocs\VegaExpress\JQuery 3.6.0\inputmask.min.js", "JavaScript", 1, 0, 0, 0, 0, 0, 0, 0, 0, 0, 7, 0, 8
"c:\xampp\htdocs\VegaExpress\JQuery 3.6.0\jquery-3.6.0.min.js", "JavaScript", 1, 0, 0, 0, 0, 0, 0, 0, 0, 0, 1, 0, 2
"c:\xampp\htdocs\VegaExpress\JQuery 3.6.0\jquery.inputmask.js", "JavaScript", 2758, 0, 0, 0, 0, 0, 0, 0, 0, 0, 7, 36, 2801
"c:\xampp\htdocs\VegaExpress\JQuery 3.6.0\jquery.inputmask.min.js", "JavaScript", 1, 0, 0, 0, 0, 0, 0, 0, 0, 0, 7, 0, 8
"c:\xampp\htdocs\VegaExpress\JQuery 3.6.0\jquery.mask.js", "JavaScript", 472, 0, 0, 0, 0, 0, 0, 0, 0, 0, 60, 73, 605
"c:\xampp\htdocs\VegaExpress\JQuery 3.6.0\jquery.mask.min.js", "JavaScript", 17, 0, 0, 0, 0, 0, 0, 0, 0, 0, 2, 1, 20
"c:\xampp\htdocs\VegaExpress\JQuery 3.6.0\jquery.zoom.js", "JavaScript", 195, 0, 0, 0, 0, 0, 0, 0, 0, 0, 15, 27, 237
"c:\xampp\htdocs\VegaExpress\JQuery 3.6.0\jquery.zoom.min.js", "JavaScript", 1, 0, 0, 0, 0, 0, 0, 0, 0, 0, 5, 0, 6
"c:\xampp\htdocs\VegaExpress\README.md", "Markdown", 0, 1, 0, 0, 0, 0, 0, 0, 0, 0, 0, 2, 3
"c:\xampp\htdocs\VegaExpress\TelaInfoVenda.php", "PHP", 0, 0, 0, 0, 0, 16, 0, 0, 0, 0, 4, 5, 25
"c:\xampp\htdocs\VegaExpress\UIcons\css\uicons-regular-straight.css", "CSS", 0, 0, 0, 0, 0, 0, 0, 0, 1078, 0, 0, 3, 1081
"c:\xampp\htdocs\VegaExpress\UIcons\svg\fi-rs-add.svg", "XML", 0, 0, 0, 0, 1, 0, 0, 0, 0, 0, 0, 0, 1
"c:\xampp\htdocs\VegaExpress\UIcons\svg\fi-rs-alarm-clock.svg", "XML", 0, 0, 0, 0, 1, 0, 0, 0, 0, 0, 0, 0, 1
"c:\xampp\htdocs\VegaExpress\UIcons\svg\fi-rs-align-center.svg", "XML", 0, 0, 0, 0, 1, 0, 0, 0, 0, 0, 0, 0, 1
"c:\xampp\htdocs\VegaExpress\UIcons\svg\fi-rs-align-justify.svg", "XML", 0, 0, 0, 0, 1, 0, 0, 0, 0, 0, 0, 0, 1
"c:\xampp\htdocs\VegaExpress\UIcons\svg\fi-rs-align-left.svg", "XML", 0, 0, 0, 0, 1, 0, 0, 0, 0, 0, 0, 0, 1
"c:\xampp\htdocs\VegaExpress\UIcons\svg\fi-rs-align-right.svg", "XML", 0, 0, 0, 0, 1, 0, 0, 0, 0, 0, 0, 0, 1
"c:\xampp\htdocs\VegaExpress\UIcons\svg\fi-rs-ambulance.svg", "XML", 0, 0, 0, 0, 1, 0, 0, 0, 0, 0, 0, 0, 1
"c:\xampp\htdocs\VegaExpress\UIcons\svg\fi-rs-angle-double-left.svg", "XML", 0, 0, 0, 0, 1, 0, 0, 0, 0, 0, 0, 0, 1
"c:\xampp\htdocs\VegaExpress\UIcons\svg\fi-rs-angle-double-right.svg", "XML", 0, 0, 0, 0, 1, 0, 0, 0, 0, 0, 0, 0, 1
"c:\xampp\htdocs\VegaExpress\UIcons\svg\fi-rs-angle-double-small-left.svg", "XML", 0, 0, 0, 0, 1, 0, 0, 0, 0, 0, 0, 0, 1
"c:\xampp\htdocs\VegaExpress\UIcons\svg\fi-rs-angle-double-small-right.svg", "XML", 0, 0, 0, 0, 1, 0, 0, 0, 0, 0, 0, 0, 1
"c:\xampp\htdocs\VegaExpress\UIcons\svg\fi-rs-angle-down.svg", "XML", 0, 0, 0, 0, 1, 0, 0, 0, 0, 0, 0, 0, 1
"c:\xampp\htdocs\VegaExpress\UIcons\svg\fi-rs-angle-left.svg", "XML", 0, 0, 0, 0, 1, 0, 0, 0, 0, 0, 0, 0, 1
"c:\xampp\htdocs\VegaExpress\UIcons\svg\fi-rs-angle-right.svg", "XML", 0, 0, 0, 0, 1, 0, 0, 0, 0, 0, 0, 0, 1
"c:\xampp\htdocs\VegaExpress\UIcons\svg\fi-rs-angle-small-down.svg", "XML", 0, 0, 0, 0, 1, 0, 0, 0, 0, 0, 0, 0, 1
"c:\xampp\htdocs\VegaExpress\UIcons\svg\fi-rs-angle-small-left.svg", "XML", 0, 0, 0, 0, 1, 0, 0, 0, 0, 0, 0, 0, 1
"c:\xampp\htdocs\VegaExpress\UIcons\svg\fi-rs-angle-small-right.svg", "XML", 0, 0, 0, 0, 1, 0, 0, 0, 0, 0, 0, 0, 1
"c:\xampp\htdocs\VegaExpress\UIcons\svg\fi-rs-angle-small-up.svg", "XML", 0, 0, 0, 0, 1, 0, 0, 0, 0, 0, 0, 0, 1
"c:\xampp\htdocs\VegaExpress\UIcons\svg\fi-rs-angle-up.svg", "XML", 0, 0, 0, 0, 1, 0, 0, 0, 0, 0, 0, 0, 1
"c:\xampp\htdocs\VegaExpress\UIcons\svg\fi-rs-apps-add.svg", "XML", 0, 0, 0, 0, 1, 0, 0, 0, 0, 0, 0, 0, 1
"c:\xampp\htdocs\VegaExpress\UIcons\svg\fi-rs-apps-delete.svg", "XML", 0, 0, 0, 0, 1, 0, 0, 0, 0, 0, 0, 0, 1
"c:\xampp\htdocs\VegaExpress\UIcons\svg\fi-rs-apps-sort.svg", "XML", 0, 0, 0, 0, 1, 0, 0, 0, 0, 0, 0, 0, 1
"c:\xampp\htdocs\VegaExpress\UIcons\svg\fi-rs-apps.svg", "XML", 0, 0, 0, 0, 1, 0, 0, 0, 0, 0, 0, 0, 1
"c:\xampp\htdocs\VegaExpress\UIcons\svg\fi-rs-archive.svg", "XML", 0, 0, 0, 0, 1, 0, 0, 0, 0, 0, 0, 0, 1
"c:\xampp\htdocs\VegaExpress\UIcons\svg\fi-rs-arrow-down.svg", "XML", 0, 0, 0, 0, 1, 0, 0, 0, 0, 0, 0, 0, 1
"c:\xampp\htdocs\VegaExpress\UIcons\svg\fi-rs-arrow-left.svg", "XML", 0, 0, 0, 0, 1, 0, 0, 0, 0, 0, 0, 0, 1
"c:\xampp\htdocs\VegaExpress\UIcons\svg\fi-rs-arrow-right.svg", "XML", 0, 0, 0, 0, 1, 0, 0, 0, 0, 0, 0, 0, 1
"c:\xampp\htdocs\VegaExpress\UIcons\svg\fi-rs-arrow-small-down.svg", "XML", 0, 0, 0, 0, 1, 0, 0, 0, 0, 0, 0, 0, 1
"c:\xampp\htdocs\VegaExpress\UIcons\svg\fi-rs-arrow-small-left.svg", "XML", 0, 0, 0, 0, 1, 0, 0, 0, 0, 0, 0, 0, 1
"c:\xampp\htdocs\VegaExpress\UIcons\svg\fi-rs-arrow-small-right.svg", "XML", 0, 0, 0, 0, 1, 0, 0, 0, 0, 0, 0, 0, 1
"c:\xampp\htdocs\VegaExpress\UIcons\svg\fi-rs-arrow-small-up.svg", "XML", 0, 0, 0, 0, 1, 0, 0, 0, 0, 0, 0, 0, 1
"c:\xampp\htdocs\VegaExpress\UIcons\svg\fi-rs-arrow-up.svg", "XML", 0, 0, 0, 0, 1, 0, 0, 0, 0, 0, 0, 0, 1
"c:\xampp\htdocs\VegaExpress\UIcons\svg\fi-rs-asterisk.svg", "XML", 0, 0, 0, 0, 1, 0, 0, 0, 0, 0, 0, 0, 1
"c:\xampp\htdocs\VegaExpress\UIcons\svg\fi-rs-backpack.svg", "XML", 0, 0, 0, 0, 1, 0, 0, 0, 0, 0, 0, 0, 1
"c:\xampp\htdocs\VegaExpress\UIcons\svg\fi-rs-badge.svg", "XML", 0, 0, 0, 0, 1, 0, 0, 0, 0, 0, 0, 0, 1
"c:\xampp\htdocs\VegaExpress\UIcons\svg\fi-rs-ban.svg", "XML", 0, 0, 0, 0, 1, 0, 0, 0, 0, 0, 0, 0, 1
"c:\xampp\htdocs\VegaExpress\UIcons\svg\fi-rs-band-aid.svg", "XML", 0, 0, 0, 0, 1, 0, 0, 0, 0, 0, 0, 0, 1
"c:\xampp\htdocs\VegaExpress\UIcons\svg\fi-rs-bank.svg", "XML", 0, 0, 0, 0, 1, 0, 0, 0, 0, 0, 0, 0, 1
"c:\xampp\htdocs\VegaExpress\UIcons\svg\fi-rs-barber-shop.svg", "XML", 0, 0, 0, 0, 1, 0, 0, 0, 0, 0, 0, 0, 1
"c:\xampp\htdocs\VegaExpress\UIcons\svg\fi-rs-baseball.svg", "XML", 0, 0, 0, 0, 1, 0, 0, 0, 0, 0, 0, 0, 1
"c:\xampp\htdocs\VegaExpress\UIcons\svg\fi-rs-basketball.svg", "XML", 0, 0, 0, 0, 1, 0, 0, 0, 0, 0, 0, 0, 1
"c:\xampp\htdocs\VegaExpress\UIcons\svg\fi-rs-bell-ring.svg", "XML", 0, 0, 0, 0, 1, 0, 0, 0, 0, 0, 0, 0, 1
"c:\xampp\htdocs\VegaExpress\UIcons\svg\fi-rs-bell-school.svg", "XML", 0, 0, 0, 0, 1, 0, 0, 0, 0, 0, 0, 0, 1
"c:\xampp\htdocs\VegaExpress\UIcons\svg\fi-rs-bell.svg", "XML", 0, 0, 0, 0, 1, 0, 0, 0, 0, 0, 0, 0, 1
"c:\xampp\htdocs\VegaExpress\UIcons\svg\fi-rs-billiard.svg", "XML", 0, 0, 0, 0, 1, 0, 0, 0, 0, 0, 0, 0, 1
"c:\xampp\htdocs\VegaExpress\UIcons\svg\fi-rs-bold.svg", "XML", 0, 0, 0, 0, 1, 0, 0, 0, 0, 0, 0, 0, 1
"c:\xampp\htdocs\VegaExpress\UIcons\svg\fi-rs-book-alt.svg", "XML", 0, 0, 0, 0, 1, 0, 0, 0, 0, 0, 0, 0, 1
"c:\xampp\htdocs\VegaExpress\UIcons\svg\fi-rs-book.svg", "XML", 0, 0, 0, 0, 1, 0, 0, 0, 0, 0, 0, 0, 1
"c:\xampp\htdocs\VegaExpress\UIcons\svg\fi-rs-bookmark.svg", "XML", 0, 0, 0, 0, 1, 0, 0, 0, 0, 0, 0, 0, 1
"c:\xampp\htdocs\VegaExpress\UIcons\svg\fi-rs-bowling.svg", "XML", 0, 0, 0, 0, 1, 0, 0, 0, 0, 0, 0, 0, 1
"c:\xampp\htdocs\VegaExpress\UIcons\svg\fi-rs-box-alt.svg", "XML", 0, 0, 0, 0, 1, 0, 0, 0, 0, 0, 0, 0, 1
"c:\xampp\htdocs\VegaExpress\UIcons\svg\fi-rs-box.svg", "XML", 0, 0, 0, 0, 1, 0, 0, 0, 0, 0, 0, 0, 1
"c:\xampp\htdocs\VegaExpress\UIcons\svg\fi-rs-briefcase.svg", "XML", 0, 0, 0, 0, 1, 0, 0, 0, 0, 0, 0, 0, 1
"c:\xampp\htdocs\VegaExpress\UIcons\svg\fi-rs-broom.svg", "XML", 0, 0, 0, 0, 1, 0, 0, 0, 0, 0, 0, 0, 1
"c:\xampp\htdocs\VegaExpress\UIcons\svg\fi-rs-browser.svg", "XML", 0, 0, 0, 0, 1, 0, 0, 0, 0, 0, 0, 0, 1
"c:\xampp\htdocs\VegaExpress\UIcons\svg\fi-rs-brush.svg", "XML", 0, 0, 0, 0, 1, 0, 0, 0, 0, 0, 0, 0, 1
"c:\xampp\htdocs\VegaExpress\UIcons\svg\fi-rs-bug.svg", "XML", 0, 0, 0, 0, 1, 0, 0, 0, 0, 0, 0, 0, 1
"c:\xampp\htdocs\VegaExpress\UIcons\svg\fi-rs-building.svg", "XML", 0, 0, 0, 0, 1, 0, 0, 0, 0, 0, 0, 0, 1
"c:\xampp\htdocs\VegaExpress\UIcons\svg\fi-rs-bulb.svg", "XML", 0, 0, 0, 0, 1, 0, 0, 0, 0, 0, 0, 0, 1
"c:\xampp\htdocs\VegaExpress\UIcons\svg\fi-rs-calculator.svg", "XML", 0, 0, 0, 0, 1, 0, 0, 0, 0, 0, 0, 0, 1
"c:\xampp\htdocs\VegaExpress\UIcons\svg\fi-rs-calendar.svg", "XML", 0, 0, 0, 0, 1, 0, 0, 0, 0, 0, 0, 0, 1
"c:\xampp\htdocs\VegaExpress\UIcons\svg\fi-rs-camera.svg", "XML", 0, 0, 0, 0, 1, 0, 0, 0, 0, 0, 0, 0, 1
"c:\xampp\htdocs\VegaExpress\UIcons\svg\fi-rs-caret-down.svg", "XML", 0, 0, 0, 0, 1, 0, 0, 0, 0, 0, 0, 0, 1
"c:\xampp\htdocs\VegaExpress\UIcons\svg\fi-rs-caret-left.svg", "XML", 0, 0, 0, 0, 1, 0, 0, 0, 0, 0, 0, 0, 1
"c:\xampp\htdocs\VegaExpress\UIcons\svg\fi-rs-caret-right.svg", "XML", 0, 0, 0, 0, 1, 0, 0, 0, 0, 0, 0, 0, 1
"c:\xampp\htdocs\VegaExpress\UIcons\svg\fi-rs-caret-up.svg", "XML", 0, 0, 0, 0, 1, 0, 0, 0, 0, 0, 0, 0, 1
"c:\xampp\htdocs\VegaExpress\UIcons\svg\fi-rs-check.svg", "XML", 0, 0, 0, 0, 1, 0, 0, 0, 0, 0, 0, 0, 1
"c:\xampp\htdocs\VegaExpress\UIcons\svg\fi-rs-checkbox.svg", "XML", 0, 0, 0, 0, 1, 0, 0, 0, 0, 0, 0, 0, 1
"c:\xampp\htdocs\VegaExpress\UIcons\svg\fi-rs-chess.svg", "XML", 0, 0, 0, 0, 1, 0, 0, 0, 0, 0, 0, 0, 1
"c:\xampp\htdocs\VegaExpress\UIcons\svg\fi-rs-circle-small.svg", "XML", 0, 0, 0, 0, 1, 0, 0, 0, 0, 0, 0, 0, 1
"c:\xampp\htdocs\VegaExpress\UIcons\svg\fi-rs-circle.svg", "XML", 0, 0, 0, 0, 1, 0, 0, 0, 0, 0, 0, 0, 1
"c:\xampp\htdocs\VegaExpress\UIcons\svg\fi-rs-clip.svg", "XML", 0, 0, 0, 0, 1, 0, 0, 0, 0, 0, 0, 0, 1
"c:\xampp\htdocs\VegaExpress\UIcons\svg\fi-rs-clock.svg", "XML", 0, 0, 0, 0, 1, 0, 0, 0, 0, 0, 0, 0, 1
"c:\xampp\htdocs\VegaExpress\UIcons\svg\fi-rs-cloud-check.svg", "XML", 0, 0, 0, 0, 1, 0, 0, 0, 0, 0, 0, 0, 1
"c:\xampp\htdocs\VegaExpress\UIcons\svg\fi-rs-cloud-disabled.svg", "XML", 0, 0, 0, 0, 1, 0, 0, 0, 0, 0, 0, 0, 1
"c:\xampp\htdocs\VegaExpress\UIcons\svg\fi-rs-cloud-download.svg", "XML", 0, 0, 0, 0, 1, 0, 0, 0, 0, 0, 0, 0, 1
"c:\xampp\htdocs\VegaExpress\UIcons\svg\fi-rs-cloud-share.svg", "XML", 0, 0, 0, 0, 1, 0, 0, 0, 0, 0, 0, 0, 1
"c:\xampp\htdocs\VegaExpress\UIcons\svg\fi-rs-cloud-upload.svg", "XML", 0, 0, 0, 0, 1, 0, 0, 0, 0, 0, 0, 0, 1
"c:\xampp\htdocs\VegaExpress\UIcons\svg\fi-rs-cloud.svg", "XML", 0, 0, 0, 0, 1, 0, 0, 0, 0, 0, 0, 0, 1
"c:\xampp\htdocs\VegaExpress\UIcons\svg\fi-rs-comment-alt.svg", "XML", 0, 0, 0, 0, 1, 0, 0, 0, 0, 0, 0, 0, 1
"c:\xampp\htdocs\VegaExpress\UIcons\svg\fi-rs-comment.svg", "XML", 0, 0, 0, 0, 1, 0, 0, 0, 0, 0, 0, 0, 1
"c:\xampp\htdocs\VegaExpress\UIcons\svg\fi-rs-compress-alt.svg", "XML", 0, 0, 0, 0, 1, 0, 0, 0, 0, 0, 0, 0, 1
"c:\xampp\htdocs\VegaExpress\UIcons\svg\fi-rs-compress.svg", "XML", 0, 0, 0, 0, 1, 0, 0, 0, 0, 0, 0, 0, 1
"c:\xampp\htdocs\VegaExpress\UIcons\svg\fi-rs-computer.svg", "XML", 0, 0, 0, 0, 1, 0, 0, 0, 0, 0, 0, 0, 1
"c:\xampp\htdocs\VegaExpress\UIcons\svg\fi-rs-cookie.svg", "XML", 0, 0, 0, 0, 1, 0, 0, 0, 0, 0, 0, 0, 1
"c:\xampp\htdocs\VegaExpress\UIcons\svg\fi-rs-copy-alt.svg", "XML", 0, 0, 0, 0, 1, 0, 0, 0, 0, 0, 0, 0, 1
"c:\xampp\htdocs\VegaExpress\UIcons\svg\fi-rs-copy.svg", "XML", 0, 0, 0, 0, 1, 0, 0, 0, 0, 0, 0, 0, 1
"c:\xampp\htdocs\VegaExpress\UIcons\svg\fi-rs-copyright.svg", "XML", 0, 0, 0, 0, 1, 0, 0, 0, 0, 0, 0, 0, 1
"c:\xampp\htdocs\VegaExpress\UIcons\svg\fi-rs-cream.svg", "XML", 0, 0, 0, 0, 1, 0, 0, 0, 0, 0, 0, 0, 1
"c:\xampp\htdocs\VegaExpress\UIcons\svg\fi-rs-credit-card.svg", "XML", 0, 0, 0, 0, 8, 0, 0, 0, 0, 0, 1, 1, 10
"c:\xampp\htdocs\VegaExpress\UIcons\svg\fi-rs-cross-circle.svg", "XML", 0, 0, 0, 0, 1, 0, 0, 0, 0, 0, 0, 0, 1
"c:\xampp\htdocs\VegaExpress\UIcons\svg\fi-rs-cross-small.svg", "XML", 0, 0, 0, 0, 1, 0, 0, 0, 0, 0, 0, 0, 1
"c:\xampp\htdocs\VegaExpress\UIcons\svg\fi-rs-cross.svg", "XML", 0, 0, 0, 0, 1, 0, 0, 0, 0, 0, 0, 0, 1
"c:\xampp\htdocs\VegaExpress\UIcons\svg\fi-rs-crown.svg", "XML", 0, 0, 0, 0, 1, 0, 0, 0, 0, 0, 0, 0, 1
"c:\xampp\htdocs\VegaExpress\UIcons\svg\fi-rs-cursor-finger.svg", "XML", 0, 0, 0, 0, 1, 0, 0, 0, 0, 0, 0, 0, 1
"c:\xampp\htdocs\VegaExpress\UIcons\svg\fi-rs-cursor-plus.svg", "XML", 0, 0, 0, 0, 1, 0, 0, 0, 0, 0, 0, 0, 1
"c:\xampp\htdocs\VegaExpress\UIcons\svg\fi-rs-cursor-text-alt.svg", "XML", 0, 0, 0, 0, 1, 0, 0, 0, 0, 0, 0, 0, 1
"c:\xampp\htdocs\VegaExpress\UIcons\svg\fi-rs-cursor-text.svg", "XML", 0, 0, 0, 0, 1, 0, 0, 0, 0, 0, 0, 0, 1
"c:\xampp\htdocs\VegaExpress\UIcons\svg\fi-rs-cursor.svg", "XML", 0, 0, 0, 0, 1, 0, 0, 0, 0, 0, 0, 0, 1
"c:\xampp\htdocs\VegaExpress\UIcons\svg\fi-rs-dart.svg", "XML", 0, 0, 0, 0, 1, 0, 0, 0, 0, 0, 0, 0, 1
"c:\xampp\htdocs\VegaExpress\UIcons\svg\fi-rs-dashboard.svg", "XML", 0, 0, 0, 0, 1, 0, 0, 0, 0, 0, 0, 0, 1
"c:\xampp\htdocs\VegaExpress\UIcons\svg\fi-rs-data-transfer.svg", "XML", 0, 0, 0, 0, 1, 0, 0, 0, 0, 0, 0, 0, 1
"c:\xampp\htdocs\VegaExpress\UIcons\svg\fi-rs-database.svg", "XML", 0, 0, 0, 0, 1, 0, 0, 0, 0, 0, 0, 0, 1
"c:\xampp\htdocs\VegaExpress\UIcons\svg\fi-rs-delete.svg", "XML", 0, 0, 0, 0, 1, 0, 0, 0, 0, 0, 0, 0, 1
"c:\xampp\htdocs\VegaExpress\UIcons\svg\fi-rs-diamond.svg", "XML", 0, 0, 0, 0, 1, 0, 0, 0, 0, 0, 0, 0, 1
"c:\xampp\htdocs\VegaExpress\UIcons\svg\fi-rs-dice.svg", "XML", 0, 0, 0, 0, 1, 0, 0, 0, 0, 0, 0, 0, 1
"c:\xampp\htdocs\VegaExpress\UIcons\svg\fi-rs-diploma.svg", "XML", 0, 0, 0, 0, 1, 0, 0, 0, 0, 0, 0, 0, 1
"c:\xampp\htdocs\VegaExpress\UIcons\svg\fi-rs-disk.svg", "XML", 0, 0, 0, 0, 1, 0, 0, 0, 0, 0, 0, 0, 1
"c:\xampp\htdocs\VegaExpress\UIcons\svg\fi-rs-doctor.svg", "XML", 0, 0, 0, 0, 1, 0, 0, 0, 0, 0, 0, 0, 1
"c:\xampp\htdocs\VegaExpress\UIcons\svg\fi-rs-document-signed.svg", "XML", 0, 0, 0, 0, 1, 0, 0, 0, 0, 0, 0, 0, 1
"c:\xampp\htdocs\VegaExpress\UIcons\svg\fi-rs-document.svg", "XML", 0, 0, 0, 0, 1, 0, 0, 0, 0, 0, 0, 0, 1
"c:\xampp\htdocs\VegaExpress\UIcons\svg\fi-rs-dollar.svg", "XML", 0, 0, 0, 0, 1, 0, 0, 0, 0, 0, 0, 0, 1
"c:\xampp\htdocs\VegaExpress\UIcons\svg\fi-rs-download.svg", "XML", 0, 0, 0, 0, 1, 0, 0, 0, 0, 0, 0, 0, 1
"c:\xampp\htdocs\VegaExpress\UIcons\svg\fi-rs-duplicate.svg", "XML", 0, 0, 0, 0, 1, 0, 0, 0, 0, 0, 0, 0, 1
"c:\xampp\htdocs\VegaExpress\UIcons\svg\fi-rs-e-learning.svg", "XML", 0, 0, 0, 0, 1, 0, 0, 0, 0, 0, 0, 0, 1
"c:\xampp\htdocs\VegaExpress\UIcons\svg\fi-rs-earnings.svg", "XML", 0, 0, 0, 0, 1, 0, 0, 0, 0, 0, 0, 0, 1
"c:\xampp\htdocs\VegaExpress\UIcons\svg\fi-rs-edit-alt.svg", "XML", 0, 0, 0, 0, 1, 0, 0, 0, 0, 0, 0, 0, 1
"c:\xampp\htdocs\VegaExpress\UIcons\svg\fi-rs-edit.svg", "XML", 0, 0, 0, 0, 1, 0, 0, 0, 0, 0, 0, 0, 1
"c:\xampp\htdocs\VegaExpress\UIcons\svg\fi-rs-envelope.svg", "XML", 0, 0, 0, 0, 1, 0, 0, 0, 0, 0, 0, 0, 1
"c:\xampp\htdocs\VegaExpress\UIcons\svg\fi-rs-euro.svg", "XML", 0, 0, 0, 0, 1, 0, 0, 0, 0, 0, 0, 0, 1
"c:\xampp\htdocs\VegaExpress\UIcons\svg\fi-rs-exclamation.svg", "XML", 0, 0, 0, 0, 1, 0, 0, 0, 0, 0, 0, 0, 1
"c:\xampp\htdocs\VegaExpress\UIcons\svg\fi-rs-expand.svg", "XML", 0, 0, 0, 0, 1, 0, 0, 0, 0, 0, 0, 0, 1
"c:\xampp\htdocs\VegaExpress\UIcons\svg\fi-rs-eye-crossed.svg", "XML", 0, 0, 0, 0, 1, 0, 0, 0, 0, 0, 0, 0, 1
"c:\xampp\htdocs\VegaExpress\UIcons\svg\fi-rs-eye-dropper.svg", "XML", 0, 0, 0, 0, 1, 0, 0, 0, 0, 0, 0, 0, 1
"c:\xampp\htdocs\VegaExpress\UIcons\svg\fi-rs-eye.svg", "XML", 0, 0, 0, 0, 1, 0, 0, 0, 0, 0, 0, 0, 1
"c:\xampp\htdocs\VegaExpress\UIcons\svg\fi-rs-feather.svg", "XML", 0, 0, 0, 0, 1, 0, 0, 0, 0, 0, 0, 0, 1
"c:\xampp\htdocs\VegaExpress\UIcons\svg\fi-rs-file-add.svg", "XML", 0, 0, 0, 0, 1, 0, 0, 0, 0, 0, 0, 0, 1
"c:\xampp\htdocs\VegaExpress\UIcons\svg\fi-rs-file-ai.svg", "XML", 0, 0, 0, 0, 1, 0, 0, 0, 0, 0, 0, 0, 1
"c:\xampp\htdocs\VegaExpress\UIcons\svg\fi-rs-file-check.svg", "XML", 0, 0, 0, 0, 1, 0, 0, 0, 0, 0, 0, 0, 1
"c:\xampp\htdocs\VegaExpress\UIcons\svg\fi-rs-file-delete.svg", "XML", 0, 0, 0, 0, 1, 0, 0, 0, 0, 0, 0, 0, 1
"c:\xampp\htdocs\VegaExpress\UIcons\svg\fi-rs-file-eps.svg", "XML", 0, 0, 0, 0, 1, 0, 0, 0, 0, 0, 0, 0, 1
"c:\xampp\htdocs\VegaExpress\UIcons\svg\fi-rs-file-gif.svg", "XML", 0, 0, 0, 0, 1, 0, 0, 0, 0, 0, 0, 0, 1
"c:\xampp\htdocs\VegaExpress\UIcons\svg\fi-rs-file-music.svg", "XML", 0, 0, 0, 0, 1, 0, 0, 0, 0, 0, 0, 0, 1
"c:\xampp\htdocs\VegaExpress\UIcons\svg\fi-rs-file-psd.svg", "XML", 0, 0, 0, 0, 1, 0, 0, 0, 0, 0, 0, 0, 1
"c:\xampp\htdocs\VegaExpress\UIcons\svg\fi-rs-file.svg", "XML", 0, 0, 0, 0, 1, 0, 0, 0, 0, 0, 0, 0, 1
"c:\xampp\htdocs\VegaExpress\UIcons\svg\fi-rs-fill.svg", "XML", 0, 0, 0, 0, 1, 0, 0, 0, 0, 0, 0, 0, 1
"c:\xampp\htdocs\VegaExpress\UIcons\svg\fi-rs-film.svg", "XML", 0, 0, 0, 0, 1, 0, 0, 0, 0, 0, 0, 0, 1
"c:\xampp\htdocs\VegaExpress\UIcons\svg\fi-rs-filter.svg", "XML", 0, 0, 0, 0, 1, 0, 0, 0, 0, 0, 0, 0, 1
"c:\xampp\htdocs\VegaExpress\UIcons\svg\fi-rs-fingerprint.svg", "XML", 0, 0, 0, 0, 1, 0, 0, 0, 0, 0, 0, 0, 1
"c:\xampp\htdocs\VegaExpress\UIcons\svg\fi-rs-flag.svg", "XML", 0, 0, 0, 0, 1, 0, 0, 0, 0, 0, 0, 0, 1
"c:\xampp\htdocs\VegaExpress\UIcons\svg\fi-rs-flame.svg", "XML", 0, 0, 0, 0, 1, 0, 0, 0, 0, 0, 0, 0, 1
"c:\xampp\htdocs\VegaExpress\UIcons\svg\fi-rs-flip-horizontal.svg", "XML", 0, 0, 0, 0, 1, 0, 0, 0, 0, 0, 0, 0, 1
"c:\xampp\htdocs\VegaExpress\UIcons\svg\fi-rs-folder-add.svg", "XML", 0, 0, 0, 0, 1, 0, 0, 0, 0, 0, 0, 0, 1
"c:\xampp\htdocs\VegaExpress\UIcons\svg\fi-rs-folder.svg", "XML", 0, 0, 0, 0, 1, 0, 0, 0, 0, 0, 0, 0, 1
"c:\xampp\htdocs\VegaExpress\UIcons\svg\fi-rs-following.svg", "XML", 0, 0, 0, 0, 1, 0, 0, 0, 0, 0, 0, 0, 1
"c:\xampp\htdocs\VegaExpress\UIcons\svg\fi-rs-football.svg", "XML", 0, 0, 0, 0, 1, 0, 0, 0, 0, 0, 0, 0, 1
"c:\xampp\htdocs\VegaExpress\UIcons\svg\fi-rs-form.svg", "XML", 0, 0, 0, 0, 1, 0, 0, 0, 0, 0, 0, 0, 1
"c:\xampp\htdocs\VegaExpress\UIcons\svg\fi-rs-forward.svg", "XML", 0, 0, 0, 0, 1, 0, 0, 0, 0, 0, 0, 0, 1
"c:\xampp\htdocs\VegaExpress\UIcons\svg\fi-rs-ftp.svg", "XML", 0, 0, 0, 0, 1, 0, 0, 0, 0, 0, 0, 0, 1
"c:\xampp\htdocs\VegaExpress\UIcons\svg\fi-rs-gallery.svg", "XML", 0, 0, 0, 0, 1, 0, 0, 0, 0, 0, 0, 0, 1
"c:\xampp\htdocs\VegaExpress\UIcons\svg\fi-rs-glasses.svg", "XML", 0, 0, 0, 0, 1, 0, 0, 0, 0, 0, 0, 0, 1
"c:\xampp\htdocs\VegaExpress\UIcons\svg\fi-rs-globe-alt.svg", "XML", 0, 0, 0, 0, 1, 0, 0, 0, 0, 0, 0, 0, 1
"c:\xampp\htdocs\VegaExpress\UIcons\svg\fi-rs-globe.svg", "XML", 0, 0, 0, 0, 1, 0, 0, 0, 0, 0, 0, 0, 1
"c:\xampp\htdocs\VegaExpress\UIcons\svg\fi-rs-golf.svg", "XML", 0, 0, 0, 0, 1, 0, 0, 0, 0, 0, 0, 0, 1
"c:\xampp\htdocs\VegaExpress\UIcons\svg\fi-rs-graduation-cap.svg", "XML", 0, 0, 0, 0, 1, 0, 0, 0, 0, 0, 0, 0, 1
"c:\xampp\htdocs\VegaExpress\UIcons\svg\fi-rs-graphic-tablet.svg", "XML", 0, 0, 0, 0, 1, 0, 0, 0, 0, 0, 0, 0, 1
"c:\xampp\htdocs\VegaExpress\UIcons\svg\fi-rs-grid-alt.svg", "XML", 0, 0, 0, 0, 1, 0, 0, 0, 0, 0, 0, 0, 1
"c:\xampp\htdocs\VegaExpress\UIcons\svg\fi-rs-grid.svg", "XML", 0, 0, 0, 0, 1, 0, 0, 0, 0, 0, 0, 0, 1
"c:\xampp\htdocs\VegaExpress\UIcons\svg\fi-rs-gym.svg", "XML", 0, 0, 0, 0, 1, 0, 0, 0, 0, 0, 0, 0, 1
"c:\xampp\htdocs\VegaExpress\UIcons\svg\fi-rs-headphones.svg", "XML", 0, 0, 0, 0, 1, 0, 0, 0, 0, 0, 0, 0, 1
"c:\xampp\htdocs\VegaExpress\UIcons\svg\fi-rs-headset.svg", "XML", 0, 0, 0, 0, 1, 0, 0, 0, 0, 0, 0, 0, 1
"c:\xampp\htdocs\VegaExpress\UIcons\svg\fi-rs-heart.svg", "XML", 0, 0, 0, 0, 1, 0, 0, 0, 0, 0, 0, 0, 1
"c:\xampp\htdocs\VegaExpress\UIcons\svg\fi-rs-home.svg", "XML", 0, 0, 0, 0, 1, 0, 0, 0, 0, 0, 0, 0, 1
"c:\xampp\htdocs\VegaExpress\UIcons\svg\fi-rs-hourglass-end.svg", "XML", 0, 0, 0, 0, 1, 0, 0, 0, 0, 0, 0, 0, 1
"c:\xampp\htdocs\VegaExpress\UIcons\svg\fi-rs-hourglass.svg", "XML", 0, 0, 0, 0, 1, 0, 0, 0, 0, 0, 0, 0, 1
"c:\xampp\htdocs\VegaExpress\UIcons\svg\fi-rs-ice-skate.svg", "XML", 0, 0, 0, 0, 1, 0, 0, 0, 0, 0, 0, 0, 1
"c:\xampp\htdocs\VegaExpress\UIcons\svg\fi-rs-id-badge.svg", "XML", 0, 0, 0, 0, 1, 0, 0, 0, 0, 0, 0, 0, 1
"c:\xampp\htdocs\VegaExpress\UIcons\svg\fi-rs-inbox.svg", "XML", 0, 0, 0, 0, 1, 0, 0, 0, 0, 0, 0, 0, 1
"c:\xampp\htdocs\VegaExpress\UIcons\svg\fi-rs-incognito.svg", "XML", 0, 0, 0, 0, 1, 0, 0, 0, 0, 0, 0, 0, 1
"c:\xampp\htdocs\VegaExpress\UIcons\svg\fi-rs-indent.svg", "XML", 0, 0, 0, 0, 1, 0, 0, 0, 0, 0, 0, 0, 1
"c:\xampp\htdocs\VegaExpress\UIcons\svg\fi-rs-infinity.svg", "XML", 0, 0, 0, 0, 1, 0, 0, 0, 0, 0, 0, 0, 1
"c:\xampp\htdocs\VegaExpress\UIcons\svg\fi-rs-info.svg", "XML", 0, 0, 0, 0, 1, 0, 0, 0, 0, 0, 0, 0, 1
"c:\xampp\htdocs\VegaExpress\UIcons\svg\fi-rs-interactive.svg", "XML", 0, 0, 0, 0, 1, 0, 0, 0, 0, 0, 0, 0, 1
"c:\xampp\htdocs\VegaExpress\UIcons\svg\fi-rs-interlining.svg", "XML", 0, 0, 0, 0, 1, 0, 0, 0, 0, 0, 0, 0, 1
"c:\xampp\htdocs\VegaExpress\UIcons\svg\fi-rs-interrogation.svg", "XML", 0, 0, 0, 0, 1, 0, 0, 0, 0, 0, 0, 0, 1
"c:\xampp\htdocs\VegaExpress\UIcons\svg\fi-rs-italic.svg", "XML", 0, 0, 0, 0, 1, 0, 0, 0, 0, 0, 0, 0, 1
"c:\xampp\htdocs\VegaExpress\UIcons\svg\fi-rs-jpg.svg", "XML", 0, 0, 0, 0, 1, 0, 0, 0, 0, 0, 0, 0, 1
"c:\xampp\htdocs\VegaExpress\UIcons\svg\fi-rs-key.svg", "XML", 0, 0, 0, 0, 1, 0, 0, 0, 0, 0, 0, 0, 1
"c:\xampp\htdocs\VegaExpress\UIcons\svg\fi-rs-keyboard.svg", "XML", 0, 0, 0, 0, 1, 0, 0, 0, 0, 0, 0, 0, 1
"c:\xampp\htdocs\VegaExpress\UIcons\svg\fi-rs-label.svg", "XML", 0, 0, 0, 0, 1, 0, 0, 0, 0, 0, 0, 0, 1
"c:\xampp\htdocs\VegaExpress\UIcons\svg\fi-rs-laptop.svg", "XML", 0, 0, 0, 0, 1, 0, 0, 0, 0, 0, 0, 0, 1
"c:\xampp\htdocs\VegaExpress\UIcons\svg\fi-rs-lasso.svg", "XML", 0, 0, 0, 0, 1, 0, 0, 0, 0, 0, 0, 0, 1
"c:\xampp\htdocs\VegaExpress\UIcons\svg\fi-rs-layers.svg", "XML", 0, 0, 0, 0, 1, 0, 0, 0, 0, 0, 0, 0, 1
"c:\xampp\htdocs\VegaExpress\UIcons\svg\fi-rs-layout-fluid.svg", "XML", 0, 0, 0, 0, 1, 0, 0, 0, 0, 0, 0, 0, 1
"c:\xampp\htdocs\VegaExpress\UIcons\svg\fi-rs-letter-case.svg", "XML", 0, 0, 0, 0, 1, 0, 0, 0, 0, 0, 0, 0, 1
"c:\xampp\htdocs\VegaExpress\UIcons\svg\fi-rs-life-ring.svg", "XML", 0, 0, 0, 0, 1, 0, 0, 0, 0, 0, 0, 0, 1
"c:\xampp\htdocs\VegaExpress\UIcons\svg\fi-rs-line-width.svg", "XML", 0, 0, 0, 0, 1, 0, 0, 0, 0, 0, 0, 0, 1
"c:\xampp\htdocs\VegaExpress\UIcons\svg\fi-rs-link.svg", "XML", 0, 0, 0, 0, 1, 0, 0, 0, 0, 0, 0, 0, 1
"c:\xampp\htdocs\VegaExpress\UIcons\svg\fi-rs-lipstick.svg", "XML", 0, 0, 0, 0, 1, 0, 0, 0, 0, 0, 0, 0, 1
"c:\xampp\htdocs\VegaExpress\UIcons\svg\fi-rs-list-check.svg", "XML", 0, 0, 0, 0, 1, 0, 0, 0, 0, 0, 0, 0, 1
"c:\xampp\htdocs\VegaExpress\UIcons\svg\fi-rs-list.svg", "XML", 0, 0, 0, 0, 1, 0, 0, 0, 0, 0, 0, 0, 1
"c:\xampp\htdocs\VegaExpress\UIcons\svg\fi-rs-location-alt.svg", "XML", 0, 0, 0, 0, 1, 0, 0, 0, 0, 0, 0, 0, 1
"c:\xampp\htdocs\VegaExpress\UIcons\svg\fi-rs-lock-alt.svg", "XML", 0, 0, 0, 0, 1, 0, 0, 0, 0, 0, 0, 0, 1
"c:\xampp\htdocs\VegaExpress\UIcons\svg\fi-rs-lock.svg", "XML", 0, 0, 0, 0, 1, 0, 0, 0, 0, 0, 0, 0, 1
"c:\xampp\htdocs\VegaExpress\UIcons\svg\fi-rs-magic-wand.svg", "XML", 0, 0, 0, 0, 1, 0, 0, 0, 0, 0, 0, 0, 1
"c:\xampp\htdocs\VegaExpress\UIcons\svg\fi-rs-makeup-brush.svg", "XML", 0, 0, 0, 0, 1, 0, 0, 0, 0, 0, 0, 0, 1
"c:\xampp\htdocs\VegaExpress\UIcons\svg\fi-rs-marker-time.svg", "XML", 0, 0, 0, 0, 1, 0, 0, 0, 0, 0, 0, 0, 1
"c:\xampp\htdocs\VegaExpress\UIcons\svg\fi-rs-marker.svg", "XML", 0, 0, 0, 0, 1, 0, 0, 0, 0, 0, 0, 0, 1
"c:\xampp\htdocs\VegaExpress\UIcons\svg\fi-rs-medicine.svg", "XML", 0, 0, 0, 0, 1, 0, 0, 0, 0, 0, 0, 0, 1
"c:\xampp\htdocs\VegaExpress\UIcons\svg\fi-rs-megaphone.svg", "XML", 0, 0, 0, 0, 1, 0, 0, 0, 0, 0, 0, 0, 1
"c:\xampp\htdocs\VegaExpress\UIcons\svg\fi-rs-menu-burger.svg", "XML", 0, 0, 0, 0, 1, 0, 0, 0, 0, 0, 0, 0, 1
"c:\xampp\htdocs\VegaExpress\UIcons\svg\fi-rs-menu-dots-vertical.svg", "XML", 0, 0, 0, 0, 1, 0, 0, 0, 0, 0, 0, 0, 1
"c:\xampp\htdocs\VegaExpress\UIcons\svg\fi-rs-menu-dots.svg", "XML", 0, 0, 0, 0, 1, 0, 0, 0, 0, 0, 0, 0, 1
"c:\xampp\htdocs\VegaExpress\UIcons\svg\fi-rs-microphone.svg", "XML", 0, 0, 0, 0, 1, 0, 0, 0, 0, 0, 0, 0, 1
"c:\xampp\htdocs\VegaExpress\UIcons\svg\fi-rs-minus-small.svg", "XML", 0, 0, 0, 0, 1, 0, 0, 0, 0, 0, 0, 0, 1
"c:\xampp\htdocs\VegaExpress\UIcons\svg\fi-rs-minus.svg", "XML", 0, 0, 0, 0, 1, 0, 0, 0, 0, 0, 0, 0, 1
"c:\xampp\htdocs\VegaExpress\UIcons\svg\fi-rs-mobile.svg", "XML", 0, 0, 0, 0, 1, 0, 0, 0, 0, 0, 0, 0, 1
"c:\xampp\htdocs\VegaExpress\UIcons\svg\fi-rs-mode-landscape.svg", "XML", 0, 0, 0, 0, 1, 0, 0, 0, 0, 0, 0, 0, 1
"c:\xampp\htdocs\VegaExpress\UIcons\svg\fi-rs-mode-portrait.svg", "XML", 0, 0, 0, 0, 1, 0, 0, 0, 0, 0, 0, 0, 1
"c:\xampp\htdocs\VegaExpress\UIcons\svg\fi-rs-money.svg", "XML", 0, 0, 0, 0, 1, 0, 0, 0, 0, 0, 0, 0, 1
"c:\xampp\htdocs\VegaExpress\UIcons\svg\fi-rs-mouse.svg", "XML", 0, 0, 0, 0, 1, 0, 0, 0, 0, 0, 0, 0, 1
"c:\xampp\htdocs\VegaExpress\UIcons\svg\fi-rs-music-alt.svg", "XML", 0, 0, 0, 0, 1, 0, 0, 0, 0, 0, 0, 0, 1
"c:\xampp\htdocs\VegaExpress\UIcons\svg\fi-rs-music.svg", "XML", 0, 0, 0, 0, 1, 0, 0, 0, 0, 0, 0, 0, 1
"c:\xampp\htdocs\VegaExpress\UIcons\svg\fi-rs-network-cloud.svg", "XML", 0, 0, 0, 0, 1, 0, 0, 0, 0, 0, 0, 0, 1
"c:\xampp\htdocs\VegaExpress\UIcons\svg\fi-rs-network.svg", "XML", 0, 0, 0, 0, 1, 0, 0, 0, 0, 0, 0, 0, 1
"c:\xampp\htdocs\VegaExpress\UIcons\svg\fi-rs-notebook.svg", "XML", 0, 0, 0, 0, 1, 0, 0, 0, 0, 0, 0, 0, 1
"c:\xampp\htdocs\VegaExpress\UIcons\svg\fi-rs-opacity.svg", "XML", 0, 0, 0, 0, 1, 0, 0, 0, 0, 0, 0, 0, 1
"c:\xampp\htdocs\VegaExpress\UIcons\svg\fi-rs-package.svg", "XML", 0, 0, 0, 0, 1, 0, 0, 0, 0, 0, 0, 0, 1
"c:\xampp\htdocs\VegaExpress\UIcons\svg\fi-rs-paint-brush.svg", "XML", 0, 0, 0, 0, 1, 0, 0, 0, 0, 0, 0, 0, 1
"c:\xampp\htdocs\VegaExpress\UIcons\svg\fi-rs-palette.svg", "XML", 0, 0, 0, 0, 1, 0, 0, 0, 0, 0, 0, 0, 1
"c:\xampp\htdocs\VegaExpress\UIcons\svg\fi-rs-paper-plane.svg", "XML", 0, 0, 0, 0, 1, 0, 0, 0, 0, 0, 0, 0, 1
"c:\xampp\htdocs\VegaExpress\UIcons\svg\fi-rs-password.svg", "XML", 0, 0, 0, 0, 1, 0, 0, 0, 0, 0, 0, 0, 1
"c:\xampp\htdocs\VegaExpress\UIcons\svg\fi-rs-pause.svg", "XML", 0, 0, 0, 0, 1, 0, 0, 0, 0, 0, 0, 0, 1
"c:\xampp\htdocs\VegaExpress\UIcons\svg\fi-rs-pencil.svg", "XML", 0, 0, 0, 0, 1, 0, 0, 0, 0, 0, 0, 0, 1
"c:\xampp\htdocs\VegaExpress\UIcons\svg\fi-rs-pharmacy.svg", "XML", 0, 0, 0, 0, 1, 0, 0, 0, 0, 0, 0, 0, 1
"c:\xampp\htdocs\VegaExpress\UIcons\svg\fi-rs-physics.svg", "XML", 0, 0, 0, 0, 1, 0, 0, 0, 0, 0, 0, 0, 1
"c:\xampp\htdocs\VegaExpress\UIcons\svg\fi-rs-picture.svg", "XML", 0, 0, 0, 0, 1, 0, 0, 0, 0, 0, 0, 0, 1
"c:\xampp\htdocs\VegaExpress\UIcons\svg\fi-rs-ping-pong.svg", "XML", 0, 0, 0, 0, 1, 0, 0, 0, 0, 0, 0, 0, 1
"c:\xampp\htdocs\VegaExpress\UIcons\svg\fi-rs-play-alt.svg", "XML", 0, 0, 0, 0, 1, 0, 0, 0, 0, 0, 0, 0, 1
"c:\xampp\htdocs\VegaExpress\UIcons\svg\fi-rs-play.svg", "XML", 0, 0, 0, 0, 1, 0, 0, 0, 0, 0, 0, 0, 1
"c:\xampp\htdocs\VegaExpress\UIcons\svg\fi-rs-playing-cards.svg", "XML", 0, 0, 0, 0, 1, 0, 0, 0, 0, 0, 0, 0, 1
"c:\xampp\htdocs\VegaExpress\UIcons\svg\fi-rs-plus-small.svg", "XML", 0, 0, 0, 0, 1, 0, 0, 0, 0, 0, 0, 0, 1
"c:\xampp\htdocs\VegaExpress\UIcons\svg\fi-rs-plus.svg", "XML", 0, 0, 0, 0, 1, 0, 0, 0, 0, 0, 0, 0, 1
"c:\xampp\htdocs\VegaExpress\UIcons\svg\fi-rs-poker-chip.svg", "XML", 0, 0, 0, 0, 1, 0, 0, 0, 0, 0, 0, 0, 1
"c:\xampp\htdocs\VegaExpress\UIcons\svg\fi-rs-portrait.svg", "XML", 0, 0, 0, 0, 1, 0, 0, 0, 0, 0, 0, 0, 1
"c:\xampp\htdocs\VegaExpress\UIcons\svg\fi-rs-pound.svg", "XML", 0, 0, 0, 0, 1, 0, 0, 0, 0, 0, 0, 0, 1
"c:\xampp\htdocs\VegaExpress\UIcons\svg\fi-rs-power.svg", "XML", 0, 0, 0, 0, 1, 0, 0, 0, 0, 0, 0, 0, 1
"c:\xampp\htdocs\VegaExpress\UIcons\svg\fi-rs-presentation.svg", "XML", 0, 0, 0, 0, 1, 0, 0, 0, 0, 0, 0, 0, 1
"c:\xampp\htdocs\VegaExpress\UIcons\svg\fi-rs-print.svg", "XML", 0, 0, 0, 0, 1, 0, 0, 0, 0, 0, 0, 0, 1
"c:\xampp\htdocs\VegaExpress\UIcons\svg\fi-rs-protractor.svg", "XML", 0, 0, 0, 0, 1, 0, 0, 0, 0, 0, 0, 0, 1
"c:\xampp\htdocs\VegaExpress\UIcons\svg\fi-rs-pulse.svg", "XML", 0, 0, 0, 0, 1, 0, 0, 0, 0, 0, 0, 0, 1
"c:\xampp\htdocs\VegaExpress\UIcons\svg\fi-rs-quote-right.svg", "XML", 0, 0, 0, 0, 1, 0, 0, 0, 0, 0, 0, 0, 1
"c:\xampp\htdocs\VegaExpress\UIcons\svg\fi-rs-rec.svg", "XML", 0, 0, 0, 0, 1, 0, 0, 0, 0, 0, 0, 0, 1
"c:\xampp\htdocs\VegaExpress\UIcons\svg\fi-rs-receipt.svg", "XML", 0, 0, 0, 0, 1, 0, 0, 0, 0, 0, 0, 0, 1
"c:\xampp\htdocs\VegaExpress\UIcons\svg\fi-rs-rectangle-horizontal.svg", "XML", 0, 0, 0, 0, 1, 0, 0, 0, 0, 0, 0, 0, 1
"c:\xampp\htdocs\VegaExpress\UIcons\svg\fi-rs-rectangle-panoramic.svg", "XML", 0, 0, 0, 0, 1, 0, 0, 0, 0, 0, 0, 0, 1
"c:\xampp\htdocs\VegaExpress\UIcons\svg\fi-rs-rectangle-vertical.svg", "XML", 0, 0, 0, 0, 1, 0, 0, 0, 0, 0, 0, 0, 1
"c:\xampp\htdocs\VegaExpress\UIcons\svg\fi-rs-redo.svg", "XML", 0, 0, 0, 0, 1, 0, 0, 0, 0, 0, 0, 0, 1
"c:\xampp\htdocs\VegaExpress\UIcons\svg\fi-rs-reflect.svg", "XML", 0, 0, 0, 0, 1, 0, 0, 0, 0, 0, 0, 0, 1
"c:\xampp\htdocs\VegaExpress\UIcons\svg\fi-rs-refresh.svg", "XML", 0, 0, 0, 0, 1, 0, 0, 0, 0, 0, 0, 0, 1
"c:\xampp\htdocs\VegaExpress\UIcons\svg\fi-rs-resize.svg", "XML", 0, 0, 0, 0, 1, 0, 0, 0, 0, 0, 0, 0, 1
"c:\xampp\htdocs\VegaExpress\UIcons\svg\fi-rs-resources.svg", "XML", 0, 0, 0, 0, 1, 0, 0, 0, 0, 0, 0, 0, 1
"c:\xampp\htdocs\VegaExpress\UIcons\svg\fi-rs-rewind.svg", "XML", 0, 0, 0, 0, 1, 0, 0, 0, 0, 0, 0, 0, 1
"c:\xampp\htdocs\VegaExpress\UIcons\svg\fi-rs-rocket.svg", "XML", 0, 0, 0, 0, 1, 0, 0, 0, 0, 0, 0, 0, 1
"c:\xampp\htdocs\VegaExpress\UIcons\svg\fi-rs-rotate-right.svg", "XML", 0, 0, 0, 0, 1, 0, 0, 0, 0, 0, 0, 0, 1
"c:\xampp\htdocs\VegaExpress\UIcons\svg\fi-rs-rugby.svg", "XML", 0, 0, 0, 0, 1, 0, 0, 0, 0, 0, 0, 0, 1
"c:\xampp\htdocs\VegaExpress\UIcons\svg\fi-rs-scale.svg", "XML", 0, 0, 0, 0, 1, 0, 0, 0, 0, 0, 0, 0, 1
"c:\xampp\htdocs\VegaExpress\UIcons\svg\fi-rs-school-bus.svg", "XML", 0, 0, 0, 0, 1, 0, 0, 0, 0, 0, 0, 0, 1
"c:\xampp\htdocs\VegaExpress\UIcons\svg\fi-rs-school.svg", "XML", 0, 0, 0, 0, 1, 0, 0, 0, 0, 0, 0, 0, 1
"c:\xampp\htdocs\VegaExpress\UIcons\svg\fi-rs-scissors.svg", "XML", 0, 0, 0, 0, 1, 0, 0, 0, 0, 0, 0, 0, 1
"c:\xampp\htdocs\VegaExpress\UIcons\svg\fi-rs-screen.svg", "XML", 0, 0, 0, 0, 1, 0, 0, 0, 0, 0, 0, 0, 1
"c:\xampp\htdocs\VegaExpress\UIcons\svg\fi-rs-search-alt.svg", "XML", 0, 0, 0, 0, 1, 0, 0, 0, 0, 0, 0, 0, 1
"c:\xampp\htdocs\VegaExpress\UIcons\svg\fi-rs-search.svg", "XML", 0, 0, 0, 0, 1, 0, 0, 0, 0, 0, 0, 0, 1
"c:\xampp\htdocs\VegaExpress\UIcons\svg\fi-rs-settings-sliders.svg", "XML", 0, 0, 0, 0, 1, 0, 0, 0, 0, 0, 0, 0, 1
"c:\xampp\htdocs\VegaExpress\UIcons\svg\fi-rs-settings.svg", "XML", 0, 0, 0, 0, 1, 0, 0, 0, 0, 0, 0, 0, 1
"c:\xampp\htdocs\VegaExpress\UIcons\svg\fi-rs-share.svg", "XML", 0, 0, 0, 0, 1, 0, 0, 0, 0, 0, 0, 0, 1
"c:\xampp\htdocs\VegaExpress\UIcons\svg\fi-rs-shield-check.svg", "XML", 0, 0, 0, 0, 1, 0, 0, 0, 0, 0, 0, 0, 1
"c:\xampp\htdocs\VegaExpress\UIcons\svg\fi-rs-shield-exclamation.svg", "XML", 0, 0, 0, 0, 1, 0, 0, 0, 0, 0, 0, 0, 1
"c:\xampp\htdocs\VegaExpress\UIcons\svg\fi-rs-shield-interrogation.svg", "XML", 0, 0, 0, 0, 1, 0, 0, 0, 0, 0, 0, 0, 1
"c:\xampp\htdocs\VegaExpress\UIcons\svg\fi-rs-shield-plus.svg", "XML", 0, 0, 0, 0, 1, 0, 0, 0, 0, 0, 0, 0, 1
"c:\xampp\htdocs\VegaExpress\UIcons\svg\fi-rs-shield.svg", "XML", 0, 0, 0, 0, 1, 0, 0, 0, 0, 0, 0, 0, 1
"c:\xampp\htdocs\VegaExpress\UIcons\svg\fi-rs-shop.svg", "XML", 0, 0, 0, 0, 1, 0, 0, 0, 0, 0, 0, 0, 1
"c:\xampp\htdocs\VegaExpress\UIcons\svg\fi-rs-shopping-bag-add.svg", "XML", 0, 0, 0, 0, 1, 0, 0, 0, 0, 0, 0, 0, 1
"c:\xampp\htdocs\VegaExpress\UIcons\svg\fi-rs-shopping-bag.svg", "XML", 0, 0, 0, 0, 1, 0, 0, 0, 0, 0, 0, 0, 1
"c:\xampp\htdocs\VegaExpress\UIcons\svg\fi-rs-shopping-cart-add.svg", "XML", 0, 0, 0, 0, 1, 0, 0, 0, 0, 0, 0, 0, 1
"c:\xampp\htdocs\VegaExpress\UIcons\svg\fi-rs-shopping-cart-check.svg", "XML", 0, 0, 0, 0, 1, 0, 0, 0, 0, 0, 0, 0, 1
"c:\xampp\htdocs\VegaExpress\UIcons\svg\fi-rs-shopping-cart.svg", "XML", 0, 0, 0, 0, 1, 0, 0, 0, 0, 0, 0, 0, 1
"c:\xampp\htdocs\VegaExpress\UIcons\svg\fi-rs-shuffle.svg", "XML", 0, 0, 0, 0, 1, 0, 0, 0, 0, 0, 0, 0, 1
"c:\xampp\htdocs\VegaExpress\UIcons\svg\fi-rs-sign-in.svg", "XML", 0, 0, 0, 0, 1, 0, 0, 0, 0, 0, 0, 0, 1
"c:\xampp\htdocs\VegaExpress\UIcons\svg\fi-rs-sign-out.svg", "XML", 0, 0, 0, 0, 1, 0, 0, 0, 0, 0, 0, 0, 1
"c:\xampp\htdocs\VegaExpress\UIcons\svg\fi-rs-signal-alt-1.svg", "XML", 0, 0, 0, 0, 1, 0, 0, 0, 0, 0, 0, 0, 1
"c:\xampp\htdocs\VegaExpress\UIcons\svg\fi-rs-signal-alt-2.svg", "XML", 0, 0, 0, 0, 1, 0, 0, 0, 0, 0, 0, 0, 1
"c:\xampp\htdocs\VegaExpress\UIcons\svg\fi-rs-signal-alt.svg", "XML", 0, 0, 0, 0, 1, 0, 0, 0, 0, 0, 0, 0, 1
"c:\xampp\htdocs\VegaExpress\UIcons\svg\fi-rs-skateboard.svg", "XML", 0, 0, 0, 0, 1, 0, 0, 0, 0, 0, 0, 0, 1
"c:\xampp\htdocs\VegaExpress\UIcons\svg\fi-rs-smartphone.svg", "XML", 0, 0, 0, 0, 1, 0, 0, 0, 0, 0, 0, 0, 1
"c:\xampp\htdocs\VegaExpress\UIcons\svg\fi-rs-soap.svg", "XML", 0, 0, 0, 0, 1, 0, 0, 0, 0, 0, 0, 0, 1
"c:\xampp\htdocs\VegaExpress\UIcons\svg\fi-rs-spa.svg", "XML", 0, 0, 0, 0, 1, 0, 0, 0, 0, 0, 0, 0, 1
"c:\xampp\htdocs\VegaExpress\UIcons\svg\fi-rs-speaker.svg", "XML", 0, 0, 0, 0, 1, 0, 0, 0, 0, 0, 0, 0, 1
"c:\xampp\htdocs\VegaExpress\UIcons\svg\fi-rs-spinner-alt.svg", "XML", 0, 0, 0, 0, 1, 0, 0, 0, 0, 0, 0, 0, 1
"c:\xampp\htdocs\VegaExpress\UIcons\svg\fi-rs-spinner.svg", "XML", 0, 0, 0, 0, 1, 0, 0, 0, 0, 0, 0, 0, 1
"c:\xampp\htdocs\VegaExpress\UIcons\svg\fi-rs-square-root.svg", "XML", 0, 0, 0, 0, 1, 0, 0, 0, 0, 0, 0, 0, 1
"c:\xampp\htdocs\VegaExpress\UIcons\svg\fi-rs-square.svg", "XML", 0, 0, 0, 0, 1, 0, 0, 0, 0, 0, 0, 0, 1
"c:\xampp\htdocs\VegaExpress\UIcons\svg\fi-rs-star.svg", "XML", 0, 0, 0, 0, 1, 0, 0, 0, 0, 0, 0, 0, 1
"c:\xampp\htdocs\VegaExpress\UIcons\svg\fi-rs-stats.svg", "XML", 0, 0, 0, 0, 1, 0, 0, 0, 0, 0, 0, 0, 1
"c:\xampp\htdocs\VegaExpress\UIcons\svg\fi-rs-stethoscope.svg", "XML", 0, 0, 0, 0, 1, 0, 0, 0, 0, 0, 0, 0, 1
"c:\xampp\htdocs\VegaExpress\UIcons\svg\fi-rs-sticker.svg", "XML", 0, 0, 0, 0, 1, 0, 0, 0, 0, 0, 0, 0, 1
"c:\xampp\htdocs\VegaExpress\UIcons\svg\fi-rs-stop.svg", "XML", 0, 0, 0, 0, 1, 0, 0, 0, 0, 0, 0, 0, 1
"c:\xampp\htdocs\VegaExpress\UIcons\svg\fi-rs-stopwatch.svg", "XML", 0, 0, 0, 0, 1, 0, 0, 0, 0, 0, 0, 0, 1
"c:\xampp\htdocs\VegaExpress\UIcons\svg\fi-rs-subtitles.svg", "XML", 0, 0, 0, 0, 1, 0, 0, 0, 0, 0, 0, 0, 1
"c:\xampp\htdocs\VegaExpress\UIcons\svg\fi-rs-surfing.svg", "XML", 0, 0, 0, 0, 1, 0, 0, 0, 0, 0, 0, 0, 1
"c:\xampp\htdocs\VegaExpress\UIcons\svg\fi-rs-sword.svg", "XML", 0, 0, 0, 0, 1, 0, 0, 0, 0, 0, 0, 0, 1
"c:\xampp\htdocs\VegaExpress\UIcons\svg\fi-rs-syringe.svg", "XML", 0, 0, 0, 0, 1, 0, 0, 0, 0, 0, 0, 0, 1
"c:\xampp\htdocs\VegaExpress\UIcons\svg\fi-rs-tablet.svg", "XML", 0, 0, 0, 0, 1, 0, 0, 0, 0, 0, 0, 0, 1
"c:\xampp\htdocs\VegaExpress\UIcons\svg\fi-rs-target.svg", "XML", 0, 0, 0, 0, 1, 0, 0, 0, 0, 0, 0, 0, 1
"c:\xampp\htdocs\VegaExpress\UIcons\svg\fi-rs-tennis.svg", "XML", 0, 0, 0, 0, 1, 0, 0, 0, 0, 0, 0, 0, 1
"c:\xampp\htdocs\VegaExpress\UIcons\svg\fi-rs-test-tube.svg", "XML", 0, 0, 0, 0, 1, 0, 0, 0, 0, 0, 0, 0, 1
"c:\xampp\htdocs\VegaExpress\UIcons\svg\fi-rs-test.svg", "XML", 0, 0, 0, 0, 1, 0, 0, 0, 0, 0, 0, 0, 1
"c:\xampp\htdocs\VegaExpress\UIcons\svg\fi-rs-text-check.svg", "XML", 0, 0, 0, 0, 1, 0, 0, 0, 0, 0, 0, 0, 1
"c:\xampp\htdocs\VegaExpress\UIcons\svg\fi-rs-text.svg", "XML", 0, 0, 0, 0, 1, 0, 0, 0, 0, 0, 0, 0, 1
"c:\xampp\htdocs\VegaExpress\UIcons\svg\fi-rs-thumbs-down.svg", "XML", 0, 0, 0, 0, 1, 0, 0, 0, 0, 0, 0, 0, 1
"c:\xampp\htdocs\VegaExpress\UIcons\svg\fi-rs-thumbs-up.svg", "XML", 0, 0, 0, 0, 1, 0, 0, 0, 0, 0, 0, 0, 1
"c:\xampp\htdocs\VegaExpress\UIcons\svg\fi-rs-ticket.svg", "XML", 0, 0, 0, 0, 1, 0, 0, 0, 0, 0, 0, 0, 1
"c:\xampp\htdocs\VegaExpress\UIcons\svg\fi-rs-time-add.svg", "XML", 0, 0, 0, 0, 1, 0, 0, 0, 0, 0, 0, 0, 1
"c:\xampp\htdocs\VegaExpress\UIcons\svg\fi-rs-time-check.svg", "XML", 0, 0, 0, 0, 1, 0, 0, 0, 0, 0, 0, 0, 1
"c:\xampp\htdocs\VegaExpress\UIcons\svg\fi-rs-time-delete.svg", "XML", 0, 0, 0, 0, 1, 0, 0, 0, 0, 0, 0, 0, 1
"c:\xampp\htdocs\VegaExpress\UIcons\svg\fi-rs-time-fast.svg", "XML", 0, 0, 0, 0, 1, 0, 0, 0, 0, 0, 0, 0, 1
"c:\xampp\htdocs\VegaExpress\UIcons\svg\fi-rs-time-forward-sixty.svg", "XML", 0, 0, 0, 0, 1, 0, 0, 0, 0, 0, 0, 0, 1
"c:\xampp\htdocs\VegaExpress\UIcons\svg\fi-rs-time-forward-ten.svg", "XML", 0, 0, 0, 0, 1, 0, 0, 0, 0, 0, 0, 0, 1
"c:\xampp\htdocs\VegaExpress\UIcons\svg\fi-rs-time-forward.svg", "XML", 0, 0, 0, 0, 1, 0, 0, 0, 0, 0, 0, 0, 1
"c:\xampp\htdocs\VegaExpress\UIcons\svg\fi-rs-time-half-past.svg", "XML", 0, 0, 0, 0, 1, 0, 0, 0, 0, 0, 0, 0, 1
"c:\xampp\htdocs\VegaExpress\UIcons\svg\fi-rs-time-oclock.svg", "XML", 0, 0, 0, 0, 1, 0, 0, 0, 0, 0, 0, 0, 1
"c:\xampp\htdocs\VegaExpress\UIcons\svg\fi-rs-time-past.svg", "XML", 0, 0, 0, 0, 1, 0, 0, 0, 0, 0, 0, 0, 1
"c:\xampp\htdocs\VegaExpress\UIcons\svg\fi-rs-time-quarter-past.svg", "XML", 0, 0, 0, 0, 1, 0, 0, 0, 0, 0, 0, 0, 1
"c:\xampp\htdocs\VegaExpress\UIcons\svg\fi-rs-time-quarter-to.svg", "XML", 0, 0, 0, 0, 1, 0, 0, 0, 0, 0, 0, 0, 1
"c:\xampp\htdocs\VegaExpress\UIcons\svg\fi-rs-time-twenty-four.svg", "XML", 0, 0, 0, 0, 1, 0, 0, 0, 0, 0, 0, 0, 1
"c:\xampp\htdocs\VegaExpress\UIcons\svg\fi-rs-tool-crop.svg", "XML", 0, 0, 0, 0, 1, 0, 0, 0, 0, 0, 0, 0, 1
"c:\xampp\htdocs\VegaExpress\UIcons\svg\fi-rs-tool-marquee.svg", "XML", 0, 0, 0, 0, 1, 0, 0, 0, 0, 0, 0, 0, 1
"c:\xampp\htdocs\VegaExpress\UIcons\svg\fi-rs-tooth.svg", "XML", 0, 0, 0, 0, 1, 0, 0, 0, 0, 0, 0, 0, 1
"c:\xampp\htdocs\VegaExpress\UIcons\svg\fi-rs-transform.svg", "XML", 0, 0, 0, 0, 1, 0, 0, 0, 0, 0, 0, 0, 1
"c:\xampp\htdocs\VegaExpress\UIcons\svg\fi-rs-trash.svg", "XML", 0, 0, 0, 0, 1, 0, 0, 0, 0, 0, 0, 0, 1
"c:\xampp\htdocs\VegaExpress\UIcons\svg\fi-rs-treatment.svg", "XML", 0, 0, 0, 0, 1, 0, 0, 0, 0, 0, 0, 0, 1
"c:\xampp\htdocs\VegaExpress\UIcons\svg\fi-rs-trophy.svg", "XML", 0, 0, 0, 0, 1, 0, 0, 0, 0, 0, 0, 0, 1
"c:\xampp\htdocs\VegaExpress\UIcons\svg\fi-rs-umbrella.svg", "XML", 0, 0, 0, 0, 1, 0, 0, 0, 0, 0, 0, 0, 1
"c:\xampp\htdocs\VegaExpress\UIcons\svg\fi-rs-underline.svg", "XML", 0, 0, 0, 0, 1, 0, 0, 0, 0, 0, 0, 0, 1
"c:\xampp\htdocs\VegaExpress\UIcons\svg\fi-rs-undo.svg", "XML", 0, 0, 0, 0, 1, 0, 0, 0, 0, 0, 0, 0, 1
"c:\xampp\htdocs\VegaExpress\UIcons\svg\fi-rs-unlock.svg", "XML", 0, 0, 0, 0, 1, 0, 0, 0, 0, 0, 0, 0, 1
"c:\xampp\htdocs\VegaExpress\UIcons\svg\fi-rs-upload.svg", "XML", 0, 0, 0, 0, 1, 0, 0, 0, 0, 0, 0, 0, 1
"c:\xampp\htdocs\VegaExpress\UIcons\svg\fi-rs-usb-drive.svg", "XML", 0, 0, 0, 0, 1, 0, 0, 0, 0, 0, 0, 0, 1
"c:\xampp\htdocs\VegaExpress\UIcons\svg\fi-rs-user-add.svg", "XML", 0, 0, 0, 0, 1, 0, 0, 0, 0, 0, 0, 0, 1
"c:\xampp\htdocs\VegaExpress\UIcons\svg\fi-rs-user-delete.svg", "XML", 0, 0, 0, 0, 1, 0, 0, 0, 0, 0, 0, 0, 1
"c:\xampp\htdocs\VegaExpress\UIcons\svg\fi-rs-user-remove.svg", "XML", 0, 0, 0, 0, 1, 0, 0, 0, 0, 0, 0, 0, 1
"c:\xampp\htdocs\VegaExpress\UIcons\svg\fi-rs-user-time.svg", "XML", 0, 0, 0, 0, 1, 0, 0, 0, 0, 0, 0, 0, 1
"c:\xampp\htdocs\VegaExpress\UIcons\svg\fi-rs-user.svg", "XML", 0, 0, 0, 0, 1, 0, 0, 0, 0, 0, 0, 0, 1
"c:\xampp\htdocs\VegaExpress\UIcons\svg\fi-rs-users.svg", "XML", 0, 0, 0, 0, 1, 0, 0, 0, 0, 0, 0, 0, 1
"c:\xampp\htdocs\VegaExpress\UIcons\svg\fi-rs-vector 2.svg", "XML", 0, 0, 0, 0, 1, 0, 0, 0, 0, 0, 0, 0, 1
"c:\xampp\htdocs\VegaExpress\UIcons\svg\fi-rs-vector-alt.svg", "XML", 0, 0, 0, 0, 1, 0, 0, 0, 0, 0, 0, 0, 1
"c:\xampp\htdocs\VegaExpress\UIcons\svg\fi-rs-video-camera.svg", "XML", 0, 0, 0, 0, 1, 0, 0, 0, 0, 0, 0, 0, 1
"c:\xampp\htdocs\VegaExpress\UIcons\svg\fi-rs-volleyball.svg", "XML", 0, 0, 0, 0, 1, 0, 0, 0, 0, 0, 0, 0, 1
"c:\xampp\htdocs\VegaExpress\UIcons\svg\fi-rs-volume.svg", "XML", 0, 0, 0, 0, 1, 0, 0, 0, 0, 0, 0, 0, 1
"c:\xampp\htdocs\VegaExpress\UIcons\svg\fi-rs-wifi-alt.svg", "XML", 0, 0, 0, 0, 1, 0, 0, 0, 0, 0, 0, 0, 1
"c:\xampp\htdocs\VegaExpress\UIcons\svg\fi-rs-world.svg", "XML", 0, 0, 0, 0, 1, 0, 0, 0, 0, 0, 0, 0, 1
"c:\xampp\htdocs\VegaExpress\UIcons\svg\fi-rs-yen.svg", "XML", 0, 0, 0, 0, 1, 0, 0, 0, 0, 0, 0, 0, 1
"c:\xampp\htdocs\VegaExpress\UIcons\svg\fi-rs-zoom-in.svg", "XML", 0, 0, 0, 0, 1, 0, 0, 0, 0, 0, 0, 0, 1
"c:\xampp\htdocs\VegaExpress\UIcons\svg\fi-rs-zoom-out.svg", "XML", 0, 0, 0, 0, 1, 0, 0, 0, 0, 0, 0, 0, 1
"c:\xampp\htdocs\VegaExpress\VegaExpress.code-workspace", "JSON with Comments", 0, 0, 0, 0, 0, 0, 8, 0, 0, 0, 0, 0, 8
"c:\xampp\htdocs\VegaExpress\app\Db\Database.php", "PHP", 0, 0, 0, 0, 0, 103, 0, 0, 0, 0, 20, 34, 157
"c:\xampp\htdocs\VegaExpress\app\Entity\Autor.php", "PHP", 0, 0, 0, 0, 0, 24, 0, 0, 0, 0, 0, 5, 29
"c:\xampp\htdocs\VegaExpress\app\Entity\Avaliacao.php", "PHP", 0, 0, 0, 0, 0, 53, 0, 0, 0, 0, 0, 20, 73
"c:\xampp\htdocs\VegaExpress\app\Entity\Email.php", "PHP", 0, 0, 0, 0, 0, 47, 0, 0, 0, 0, 0, 13, 60
"c:\xampp\htdocs\VegaExpress\app\Entity\Pedido.php", "PHP", 0, 0, 0, 0, 0, 91, 0, 0, 0, 0, 1, 37, 129
"c:\xampp\htdocs\VegaExpress\app\Entity\Produto.php", "PHP", 0, 0, 0, 0, 0, 140, 0, 0, 0, 0, 2, 45, 187
"c:\xampp\htdocs\VegaExpress\app\Entity\Publicacao.php", "PHP", 0, 0, 0, 0, 0, 72, 0, 0, 0, 0, 8, 22, 102
"c:\xampp\htdocs\VegaExpress\app\Entity\Usuario.php", "PHP", 0, 0, 0, 0, 0, 148, 0, 0, 0, 0, 5, 29, 182
"c:\xampp\htdocs\VegaExpress\app\Funcs\money_format.php", "PHP", 0, 0, 0, 0, 0, 91, 0, 0, 0, 0, 12, 12, 115
"c:\xampp\htdocs\VegaExpress\bootstrap-5.0.0B3\css\bootstrap-grid.css", "CSS", 0, 0, 0, 0, 0, 0, 0, 0, 3908, 0, 7, 1136, 5051
"c:\xampp\htdocs\VegaExpress\bootstrap-5.0.0B3\css\bootstrap-grid.min.css", "CSS", 0, 0, 0, 0, 0, 0, 0, 0, 1, 0, 6, 0, 7
"c:\xampp\htdocs\VegaExpress\bootstrap-5.0.0B3\css\bootstrap-grid.rtl.css", "CSS", 0, 0, 0, 0, 0, 0, 0, 0, 3908, 0, 7, 1135, 5050
"c:\xampp\htdocs\VegaExpress\bootstrap-5.0.0B3\css\bootstrap-grid.rtl.min.css", "CSS", 0, 0, 0, 0, 0, 0, 0, 0, 1, 0, 6, 0, 7
"c:\xampp\htdocs\VegaExpress\bootstrap-5.0.0B3\css\bootstrap-reboot.css", "CSS", 0, 0, 0, 0, 0, 0, 0, 0, 403, 0, 16, 66, 485
"c:\xampp\htdocs\VegaExpress\bootstrap-5.0.0B3\css\bootstrap-reboot.min.css", "CSS", 0, 0, 0, 0, 0, 0, 0, 0, 1, 0, 7, 0, 8
"c:\xampp\htdocs\VegaExpress\bootstrap-5.0.0B3\css\bootstrap-reboot.rtl.css", "CSS", 0, 0, 0, 0, 0, 0, 0, 0, 409, 0, 8, 65, 482
"c:\xampp\htdocs\VegaExpress\bootstrap-5.0.0B3\css\bootstrap-reboot.rtl.min.css", "CSS", 0, 0, 0, 0, 0, 0, 0, 0, 1, 0, 7, 0, 8
"c:\xampp\htdocs\VegaExpress\bootstrap-5.0.0B3\css\bootstrap-utilities.css", "CSS", 0, 0, 0, 0, 0, 0, 0, 0, 3729, 0, 9, 1128, 4866
"c:\xampp\htdocs\VegaExpress\bootstrap-5.0.0B3\css\bootstrap-utilities.min.css", "CSS", 0, 0, 0, 0, 0, 0, 0, 0, 1, 0, 6, 0, 7
"c:\xampp\htdocs\VegaExpress\bootstrap-5.0.0B3\css\bootstrap-utilities.rtl.css", "CSS", 0, 0, 0, 0, 0, 0, 0, 0, 3725, 0, 7, 1125, 4857
"c:\xampp\htdocs\VegaExpress\bootstrap-5.0.0B3\css\bootstrap-utilities.rtl.min.css", "CSS", 0, 0, 0, 0, 0, 0, 0, 0, 1, 0, 6, 0, 7
"c:\xampp\htdocs\VegaExpress\bootstrap-5.0.0B3\css\bootstrap.css", "CSS", 0, 0, 0, 0, 0, 0, 0, 0, 9497, 0, 27, 1742, 11266
"c:\xampp\htdocs\VegaExpress\bootstrap-5.0.0B3\css\bootstrap.min.css", "CSS", 0, 0, 0, 0, 0, 0, 0, 0, 2, 0, 5, 0, 7
"c:\xampp\htdocs\VegaExpress\bootstrap-5.0.0B3\css\bootstrap.rtl.css", "CSS", 0, 0, 0, 0, 0, 0, 0, 0, 9499, 0, 7, 1736, 11242
"c:\xampp\htdocs\VegaExpress\bootstrap-5.0.0B3\css\bootstrap.rtl.min.css", "CSS", 0, 0, 0, 0, 0, 0, 0, 0, 2, 0, 5, 0, 7
"c:\xampp\htdocs\VegaExpress\bootstrap-5.0.0B3\js\bootstrap.bundle.js", "JavaScript", 4855, 0, 0, 0, 0, 0, 0, 0, 0, 0, 600, 1358, 6813
"c:\xampp\htdocs\VegaExpress\bootstrap-5.0.0B3\js\bootstrap.bundle.min.js", "JavaScript", 1, 0, 0, 0, 0, 0, 0, 0, 0, 0, 6, 0, 7
"c:\xampp\htdocs\VegaExpress\bootstrap-5.0.0B3\js\bootstrap.esm.js", "JavaScript", 3432, 0, 0, 0, 0, 0, 0, 0, 0, 0, 495, 1073, 5000
"c:\xampp\htdocs\VegaExpress\bootstrap-5.0.0B3\js\bootstrap.esm.min.js", "JavaScript", 1, 0, 0, 0, 0, 0, 0, 0, 0, 0, 6, 0, 7
"c:\xampp\htdocs\VegaExpress\bootstrap-5.0.0B3\js\bootstrap.js", "JavaScript", 3469, 0, 0, 0, 0, 0, 0, 0, 0, 0, 501, 1077, 5047
"c:\xampp\htdocs\VegaExpress\bootstrap-5.0.0B3\js\bootstrap.min.js", "JavaScript", 1, 0, 0, 0, 0, 0, 0, 0, 0, 0, 6, 0, 7
"c:\xampp\htdocs\VegaExpress\bootstrap-icons-1.4.0\search.svg", "XML", 0, 0, 0, 0, 3, 0, 0, 0, 0, 0, 0, 0, 3
"c:\xampp\htdocs\VegaExpress\carrinho.php", "PHP", 0, 0, 0, 0, 0, 15, 0, 0, 0, 0, 7, 12, 34
"c:\xampp\htdocs\VegaExpress\codigosSemUso.html", "HTML", 0, 0, 0, 0, 0, 0, 0, 0, 0, 124, 14, 41, 179
"c:\xampp\htdocs\VegaExpress\composer.json", "JSON", 0, 0, 12, 0, 0, 0, 0, 0, 0, 0, 0, 1, 13
"c:\xampp\htdocs\VegaExpress\composer.lock", "JSON", 0, 0, 157, 0, 0, 0, 0, 0, 0, 0, 0, 1, 158
"c:\xampp\htdocs\VegaExpress\editarPub.php", "PHP", 0, 0, 0, 0, 0, 36, 0, 0, 0, 0, 6, 15, 57
"c:\xampp\htdocs\VegaExpress\img\LogoTCC.svg", "XML", 0, 0, 0, 0, 45, 0, 0, 0, 0, 0, 1, 1, 47
"c:\xampp\htdocs\VegaExpress\img\btns\danger.svg", "XML", 0, 0, 0, 0, 45, 0, 0, 0, 0, 0, 1, 1, 47
"c:\xampp\htdocs\VegaExpress\img\btns\done.svg", "XML", 0, 0, 0, 0, 1, 0, 0, 0, 0, 0, 0, 0, 1
"c:\xampp\htdocs\VegaExpress\img\btns\edit.svg", "XML", 0, 0, 0, 0, 1, 0, 0, 0, 0, 0, 0, 0, 1
"c:\xampp\htdocs\VegaExpress\img\btns\edit_black_24dp.svg", "XML", 0, 0, 0, 0, 1, 0, 0, 0, 0, 0, 0, 0, 1
"c:\xampp\htdocs\VegaExpress\img\btns\expand.svg", "XML", 0, 0, 0, 0, 1, 0, 0, 0, 0, 0, 0, 0, 1
"c:\xampp\htdocs\VegaExpress\img\btns\profileConfig.svg", "XML", 0, 0, 0, 0, 1, 0, 0, 0, 0, 0, 0, 0, 1
"c:\xampp\htdocs\VegaExpress\img\btns\star_rate.svg", "XML", 0, 0, 0, 0, 1, 0, 0, 0, 0, 0, 0, 0, 1
"c:\xampp\htdocs\VegaExpress\img\btns\trash.svg", "XML", 0, 0, 0, 0, 1, 0, 0, 0, 0, 0, 0, 0, 1
"c:\xampp\htdocs\VegaExpress\img\carrinho\fundo.svg", "XML", 0, 0, 0, 0, 1, 0, 0, 0, 0, 0, 0, 0, 1
"c:\xampp\htdocs\VegaExpress\img\criptos\Bitcoin.svg", "XML", 0, 0, 0, 0, 1, 0, 0, 0, 0, 0, 0, 0, 1
"c:\xampp\htdocs\VegaExpress\img\criptos\Cardano.svg", "XML", 0, 0, 0, 0, 1, 0, 0, 0, 0, 0, 0, 0, 1
"c:\xampp\htdocs\VegaExpress\img\criptos\Chainlink.svg", "XML", 0, 0, 0, 0, 1, 0, 0, 0, 0, 0, 0, 0, 1
"c:\xampp\htdocs\VegaExpress\img\criptos\Ethereum.svg", "XML", 0, 0, 0, 0, 1, 0, 0, 0, 0, 0, 0, 0, 1
"c:\xampp\htdocs\VegaExpress\img\criptos\Monero.svg", "XML", 0, 0, 0, 0, 1, 0, 0, 0, 0, 0, 0, 0, 1
"c:\xampp\htdocs\VegaExpress\img\imgPadraoUser.svg", "XML", 0, 0, 0, 0, 51, 0, 0, 0, 0, 0, 1, 1, 53
"c:\xampp\htdocs\VegaExpress\img\menu.svg", "XML", 0, 0, 0, 0, 1, 0, 0, 0, 0, 0, 0, 0, 1
"c:\xampp\htdocs\VegaExpress\img\menu_open.svg", "XML", 0, 0, 0, 0, 1, 0, 0, 0, 0, 0, 0, 0, 1
"c:\xampp\htdocs\VegaExpress\img\shopping_cart.svg", "XML", 0, 0, 0, 0, 1, 0, 0, 0, 0, 0, 0, 0, 1
"c:\xampp\htdocs\VegaExpress\includesPag\PesquisaResultado.php", "PHP", 0, 0, 0, 0, 0, 388, 0, 0, 0, 0, 12, 111, 511
"c:\xampp\htdocs\VegaExpress\includesPag\Tela_compra.php", "PHP", 0, 0, 0, 0, 0, 222, 0, 0, 0, 0, 2, 50, 274
"c:\xampp\htdocs\VegaExpress\includesPag\carousel.php", "PHP", 0, 0, 0, 0, 0, 30, 0, 0, 0, 0, 0, 4, 34
"c:\xampp\htdocs\VegaExpress\includesPag\carrinho.php", "PHP", 0, 0, 0, 0, 0, 85, 0, 0, 0, 0, 0, 20, 105
"c:\xampp\htdocs\VegaExpress\includesPag\footer.php", "PHP", 0, 0, 0, 0, 0, 23, 0, 0, 0, 0, 49, 11, 83
"c:\xampp\htdocs\VegaExpress\includesPag\includesListagem\listagem.css", "CSS", 0, 0, 0, 0, 0, 0, 0, 0, 76, 0, 0, 17, 93
"c:\xampp\htdocs\VegaExpress\includesPag\includesNavbar\navbar.css", "CSS", 0, 0, 0, 0, 0, 0, 0, 0, 98, 0, 23, 37, 158
"c:\xampp\htdocs\VegaExpress\includesPag\includesProduto\textAreaAutoHeight.js", "JavaScript", 4, 0, 0, 0, 0, 0, 0, 0, 0, 0, 0, 0, 4
"c:\xampp\htdocs\VegaExpress\includesPag\includesResultado\resultado.css", "CSS", 0, 0, 0, 0, 0, 0, 0, 0, 0, 0, 0, 1, 1
"c:\xampp\htdocs\VegaExpress\includesPag\includesTelaCompra\Estilos.css", "CSS", 0, 0, 0, 0, 0, 0, 0, 0, 142, 0, 0, 33, 175
"c:\xampp\htdocs\VegaExpress\includesPag\includesTelaCompra\PhpAjaxFiles\a_calcFrete.php", "PHP", 0, 0, 0, 0, 0, 43, 0, 0, 0, 0, 37, 20, 100
"c:\xampp\htdocs\VegaExpress\includesPag\includesTelaCompra\PhpAjaxFiles\calcfrete.php", "PHP", 0, 0, 0, 0, 0, 35, 0, 0, 0, 0, 1, 5, 41
"c:\xampp\htdocs\VegaExpress\includesPag\includesTelaCompra\PhpAjaxFiles\recalcValor.php", "PHP", 0, 0, 0, 0, 0, 0, 0, 0, 0, 0, 0, 1, 1
"c:\xampp\htdocs\VegaExpress\includesPag\includesTelaCompra\a_calcFrete.js", "JavaScript", 21, 0, 0, 0, 0, 0, 0, 0, 0, 0, 0, 5, 26
"c:\xampp\htdocs\VegaExpress\includesPag\includesTelaCompra\calcPreco.js", "JavaScript", 45, 0, 0, 0, 0, 0, 0, 0, 0, 0, 29, 17, 91
"c:\xampp\htdocs\VegaExpress\includesPag\includesTelaCompra\cep.js", "JavaScript", 49, 0, 0, 0, 0, 0, 0, 0, 0, 0, 21, 11, 81
"c:\xampp\htdocs\VegaExpress\includesPag\includesTelaCompra\step.js", "JavaScript", 54, 0, 0, 0, 0, 0, 0, 0, 0, 0, 0, 14, 68
"c:\xampp\htdocs\VegaExpress\includesPag\includesTelaCompra\telaInfoVenda.php", "PHP", 0, 0, 0, 0, 0, 16, 0, 0, 0, 0, 0, 10, 26
"c:\xampp\htdocs\VegaExpress\includesPag\listagem.php", "PHP", 0, 0, 0, 0, 0, 106, 0, 0, 0, 0, 0, 13, 119
"c:\xampp\htdocs\VegaExpress\includesPag\navbar.php", "PHP", 0, 0, 0, 0, 0, 231, 0, 0, 0, 0, 6, 47, 284
"c:\xampp\htdocs\VegaExpress\includesPag\novoNavbar.php", "PHP", 0, 0, 0, 0, 0, 215, 0, 0, 0, 0, 6, 37, 258
"c:\xampp\htdocs\VegaExpress\includesPag\paginasPerfil\compras.php", "PHP", 0, 0, 0, 0, 0, 0, 0, 0, 0, 0, 0, 1, 1
"c:\xampp\htdocs\VegaExpress\includesPag\paginasPerfil\includes\configs.css", "CSS", 0, 0, 0, 0, 0, 0, 0, 0, 57, 0, 4, 23, 84
"c:\xampp\htdocs\VegaExpress\includesPag\paginasPerfil\includes\passwordIgual.js", "JavaScript", 27, 0, 0, 0, 0, 0, 0, 0, 0, 0, 13, 22, 62
"c:\xampp\htdocs\VegaExpress\includesPag\paginasPerfil\includes\pedidos.css", "CSS", 0, 0, 0, 0, 0, 0, 0, 0, 10, 0, 0, 3, 13
"c:\xampp\htdocs\VegaExpress\includesPag\paginasPerfil\includes\publicacoes.css", "CSS", 0, 0, 0, 0, 0, 0, 0, 0, 37, 0, 125, 11, 173
"c:\xampp\htdocs\VegaExpress\includesPag\paginasPerfil\includes\seguranca.css", "CSS", 0, 0, 0, 0, 0, 0, 0, 0, 68, 0, 0, 22, 90
"c:\xampp\htdocs\VegaExpress\includesPag\paginasPerfil\pedidos.php", "PHP", 0, 0, 0, 0, 0, 158, 0, 0, 0, 0, 18, 65, 241
"c:\xampp\htdocs\VegaExpress\includesPag\paginasPerfil\publicacoes.php", "PHP", 0, 0, 0, 0, 0, 189, 0, 0, 0, 0, 12, 49, 250
"c:\xampp\htdocs\VegaExpress\includesPag\paginasPerfil\seguranca.php", "PHP", 0, 0, 0, 0, 0, 141, 0, 0, 0, 0, 0, 31, 172
"c:\xampp\htdocs\VegaExpress\includesPag\paginasPerfil\visibilidade.php", "PHP", 0, 0, 0, 0, 0, 115, 0, 0, 0, 0, 0, 35, 150
"c:\xampp\htdocs\VegaExpress\includesPag\perfilU.php", "PHP", 0, 0, 0, 0, 0, 255, 0, 0, 0, 0, 1, 42, 298
"c:\xampp\htdocs\VegaExpress\includesPag\pesquisa.php", "PHP", 0, 0, 0, 0, 0, 66, 0, 0, 0, 0, 0, 23, 89
"c:\xampp\htdocs\VegaExpress\includesPag\registrarEmp.php", "PHP", 0, 0, 0, 0, 0, 258, 0, 0, 0, 0, 29, 92, 379
"c:\xampp\htdocs\VegaExpress\includesPag\sobre.php", "PHP", 0, 0, 0, 0, 0, 45, 0, 0, 0, 0, 0, 11, 56
"c:\xampp\htdocs\VegaExpress\includesPag\visualizacaoEditarProduto.php", "PHP", 0, 0, 0, 0, 0, 293, 0, 0, 0, 0, 7, 69, 369
"c:\xampp\htdocs\VegaExpress\includesPag\visualizacaoProduto.php", "PHP", 0, 0, 0, 0, 0, 467, 0, 0, 0, 0, 8, 80, 555
"c:\xampp\htdocs\VegaExpress\includes\fadeIn.css", "CSS", 0, 0, 0, 0, 0, 0, 0, 0, 52, 0, 2, 7, 61
"c:\xampp\htdocs\VegaExpress\includes\link.css", "CSS", 0, 0, 0, 0, 0, 0, 0, 0, 588, 0, 28, 184, 800
"c:\xampp\htdocs\VegaExpress\includes\login.css", "CSS", 0, 0, 0, 0, 0, 0, 0, 0, 256, 0, 45, 60, 361
"c:\xampp\htdocs\VegaExpress\includes\navitems.css", "CSS", 0, 0, 0, 0, 0, 0, 0, 0, 111, 0, 5, 27, 143
"c:\xampp\htdocs\VegaExpress\includes\perfil.css", "CSS", 0, 0, 0, 0, 0, 0, 0, 0, 186, 0, 1, 44, 231
"c:\xampp\htdocs\VegaExpress\includes\pesquisa.css", "CSS", 0, 0, 0, 0, 0, 0, 0, 0, 74, 0, 87, 22, 183
"c:\xampp\htdocs\VegaExpress\includes\publicacao.css", "CSS", 0, 0, 0, 0, 0, 0, 0, 0, 208, 0, 2, 50, 260
"c:\xampp\htdocs\VegaExpress\includes\sideBar.css", "CSS", 0, 0, 0, 0, 0, 0, 0, 0, 88, 0, 8, 30, 126
"c:\xampp\htdocs\VegaExpress\includes\sidebarT.css", "CSS", 0, 0, 0, 0, 0, 0, 0, 0, 72, 0, 0, 11, 83
"c:\xampp\htdocs\VegaExpress\includes\visualizacaoProduto.css", "CSS", 0, 0, 0, 0, 0, 0, 0, 0, 95, 0, 14, 33, 142
"c:\xampp\htdocs\VegaExpress\index.php", "PHP", 0, 0, 0, 0, 0, 41, 0, 0, 0, 0, 11, 21, 73
"c:\xampp\htdocs\VegaExpress\package-lock.json", "JSON", 0, 0, 77, 0, 0, 0, 0, 0, 0, 0, 0, 1, 78
"c:\xampp\htdocs\VegaExpress\package.json", "JSON", 0, 0, 10, 0, 0, 0, 0, 0, 0, 0, 0, 1, 11
"c:\xampp\htdocs\VegaExpress\perfil.php", "PHP", 0, 0, 0, 0, 0, 233, 0, 0, 0, 0, 31, 38, 302
"c:\xampp\htdocs\VegaExpress\pesquisa.php", "PHP", 0, 0, 0, 0, 0, 20, 0, 0, 0, 0, 6, 10, 36
"c:\xampp\htdocs\VegaExpress\produto.php", "PHP", 0, 0, 0, 0, 0, 20, 0, 0, 0, 0, 4, 8, 32
"c:\xampp\htdocs\VegaExpress\registroEmpresa.php", "PHP", 0, 0, 0, 0, 0, 16, 0, 0, 0, 0, 5, 4, 25
"c:\xampp\htdocs\VegaExpress\sidebarT.php", "PHP", 0, 0, 0, 0, 0, 85, 0, 0, 0, 0, 0, 8, 93
"c:\xampp\htdocs\VegaExpress\sobreN.php", "PHP", 0, 0, 0, 0, 0, 16, 0, 0, 0, 0, 4, 5, 25
"c:\xampp\htdocs\VegaExpress\vegaexpress (8).sql", "SQL", 0, 0, 0, 0, 0, 0, 0, 91, 0, 0, 67, 33, 191
"c:\xampp\htdocs\VegaExpress\vendor\autoload.php", "PHP", 0, 0, 0, 0, 0, 3, 0, 0, 0, 0, 1, 4, 8
"c:\xampp\htdocs\VegaExpress\vendor\composer\ClassLoader.php", "PHP", 0, 0, 0, 0, 0, 276, 0, 0, 0, 0, 153, 53, 482
"c:\xampp\htdocs\VegaExpress\vendor\composer\InstalledVersions.php", "PHP", 0, 0, 0, 0, 0, 171, 0, 0, 0, 0, 0, 131, 302
"c:\xampp\htdocs\VegaExpress\vendor\composer\autoload_classmap.php", "PHP", 0, 0, 0, 0, 0, 7, 0, 0, 0, 0, 1, 4, 12
"c:\xampp\htdocs\VegaExpress\vendor\composer\autoload_namespaces.php", "PHP", 0, 0, 0, 0, 0, 6, 0, 0, 0, 0, 1, 4, 11
"c:\xampp\htdocs\VegaExpress\vendor\composer\autoload_psr4.php", "PHP", 0, 0, 0, 0, 0, 7, 0, 0, 0, 0, 1, 4, 12
"c:\xampp\htdocs\VegaExpress\vendor\composer\autoload_real.php", "PHP", 0, 0, 0, 0, 0, 41, 0, 0, 0, 0, 4, 13, 58
"c:\xampp\htdocs\VegaExpress\vendor\composer\autoload_static.php", "PHP", 0, 0, 0, 0, 0, 50, 0, 0, 0, 0, 1, 9, 60
"c:\xampp\htdocs\VegaExpress\vendor\composer\installed.json", "JSON", 0, 0, 150, 0, 0, 0, 0, 0, 0, 0, 0, 1, 151
"c:\xampp\htdocs\VegaExpress\vendor\composer\installed.php", "PHP", 0, 0, 0, 0, 0, 42, 0, 0, 0, 0, 0, 1, 43
"c:\xampp\htdocs\VegaExpress\vendor\composer\platform_check.php", "PHP", 0, 0, 0, 0, 0, 21, 0, 0, 0, 0, 1, 5, 27
"c:\xampp\htdocs\VegaExpress\vendor\mobiledetect\mobiledetectlib\Mobile_Detect.json", "JSON", 0, 0, 1, 0, 0, 0, 0, 0, 0, 0, 0, 0, 1
"c:\xampp\htdocs\VegaExpress\vendor\mobiledetect\mobiledetectlib\Mobile_Detect.php", "PHP", 0, 0, 0, 0, 0, 678, 0, 0, 0, 0, 850, 156, 1684
"c:\xampp\htdocs\VegaExpress\vendor\mobiledetect\mobiledetectlib\README.md", "Markdown", 0, 232, 0, 0, 0, 0, 0, 0, 0, 0, 0, 113, 345
"c:\xampp\htdocs\VegaExpress\vendor\mobiledetect\mobiledetectlib\composer.json", "JSON", 0, 0, 31, 0, 0, 0, 0, 0, 0, 0, 0, 1, 32
"c:\xampp\htdocs\VegaExpress\vendor\mobiledetect\mobiledetectlib\docker-compose.yml", "YAML", 0, 0, 0, 15, 0, 0, 0, 0, 0, 0, 0, 1, 16
"c:\xampp\htdocs\VegaExpress\vendor\mobiledetect\mobiledetectlib\docs\CONTRIBUTING.md", "Markdown", 0, 40, 0, 0, 0, 0, 0, 0, 0, 0, 0, 8, 48
"c:\xampp\htdocs\VegaExpress\vendor\mobiledetect\mobiledetectlib\docs\HISTORY.md", "Markdown", 0, 6, 0, 0, 0, 0, 0, 0, 0, 0, 0, 6, 12
"c:\xampp\htdocs\VegaExpress\vendor\mobiledetect\mobiledetectlib\docs\ISSUE_TEMPLATE.md", "Markdown", 0, 8, 0, 0, 0, 0, 0, 0, 0, 0, 0, 7, 15
"c:\xampp\htdocs\VegaExpress\vendor\mobiledetect\mobiledetectlib\docs\KNOWN_LIMITATIONS.md", "Markdown", 0, 13, 0, 0, 0, 0, 0, 0, 0, 0, 0, 2, 15
"c:\xampp\htdocs\VegaExpress\vendor\mobiledetect\mobiledetectlib\export\exportToJSON.php", "PHP", 0, 0, 0, 0, 0, 28, 0, 0, 0, 0, 32, 8, 68
"c:\xampp\htdocs\VegaExpress\vendor\mobiledetect\mobiledetectlib\namespaced\Detection\MobileDetect.php", "PHP", 0, 0, 0, 0, 0, 4, 0, 0, 0, 0, 16, 3, 23
"c:\xampp\htdocs\VegaExpress\vendor\mobiledetect\mobiledetectlib\phpcs.xml", "XML", 0, 0, 0, 0, 20, 0, 0, 0, 0, 0, 0, 0, 20
"c:\xampp\htdocs\VegaExpress\vendor\phpmailer\phpmailer\README.md", "Markdown", 0, 160, 0, 0, 0, 0, 0, 0, 0, 0, 0, 63, 223
"c:\xampp\htdocs\VegaExpress\vendor\phpmailer\phpmailer\SECURITY.md", "Markdown", 0, 16, 0, 0, 0, 0, 0, 0, 0, 0, 0, 17, 33
"c:\xampp\htdocs\VegaExpress\vendor\phpmailer\phpmailer\composer.json", "JSON", 0, 0, 65, 0, 0, 0, 0, 0, 0, 0, 0, 1, 66
"c:\xampp\htdocs\VegaExpress\vendor\phpmailer\phpmailer\get_oauth_token.php", "PHP", 0, 0, 0, 0, 0, 84, 0, 0, 0, 0, 46, 17, 147
"c:\xampp\htdocs\VegaExpress\vendor\phpmailer\phpmailer\language\phpmailer.lang-af.php", "PHP", 0, 0, 0, 0, 0, 20, 0, 0, 0, 0, 4, 3, 27
"c:\xampp\htdocs\VegaExpress\vendor\phpmailer\phpmailer\language\phpmailer.lang-ar.php", "PHP", 0, 0, 0, 0, 0, 21, 0, 0, 0, 0, 5, 3, 29
"c:\xampp\htdocs\VegaExpress\vendor\phpmailer\phpmailer\language\phpmailer.lang-az.php", "PHP", 0, 0, 0, 0, 0, 19, 0, 0, 0, 0, 6, 3, 28
"c:\xampp\htdocs\VegaExpress\vendor\phpmailer\phpmailer\language\phpmailer.lang-ba.php", "PHP", 0, 0, 0, 0, 0, 20, 0, 0, 0, 0, 5, 3, 28
"c:\xampp\htdocs\VegaExpress\vendor\phpmailer\phpmailer\language\phpmailer.lang-be.php", "PHP", 0, 0, 0, 0, 0, 19, 0, 0, 0, 0, 6, 3, 28
"c:\xampp\htdocs\VegaExpress\vendor\phpmailer\phpmailer\language\phpmailer.lang-bg.php", "PHP", 0, 0, 0, 0, 0, 20, 0, 0, 0, 0, 5, 3, 28
"c:\xampp\htdocs\VegaExpress\vendor\phpmailer\phpmailer\language\phpmailer.lang-ca.php", "PHP", 0, 0, 0, 0, 0, 19, 0, 0, 0, 0, 6, 3, 28
"c:\xampp\htdocs\VegaExpress\vendor\phpmailer\phpmailer\language\phpmailer.lang-ch.php", "PHP", 0, 0, 0, 0, 0, 13, 0, 0, 0, 0, 12, 3, 28
"c:\xampp\htdocs\VegaExpress\vendor\phpmailer\phpmailer\language\phpmailer.lang-cs.php", "PHP", 0, 0, 0, 0, 0, 22, 0, 0, 0, 0, 4, 3, 29
"c:\xampp\htdocs\VegaExpress\vendor\phpmailer\phpmailer\language\phpmailer.lang-da.php", "PHP", 0, 0, 0, 0, 0, 20, 0, 0, 0, 0, 7, 3, 30
"c:\xampp\htdocs\VegaExpress\vendor\phpmailer\phpmailer\language\phpmailer.lang-de.php", "PHP", 0, 0, 0, 0, 0, 22, 0, 0, 0, 0, 4, 3, 29
"c:\xampp\htdocs\VegaExpress\vendor\phpmailer\phpmailer\language\phpmailer.lang-el.php", "PHP", 0, 0, 0, 0, 0, 19, 0, 0, 0, 0, 5, 3, 27
"c:\xampp\htdocs\VegaExpress\vendor\phpmailer\phpmailer\language\phpmailer.lang-eo.php", "PHP", 0, 0, 0, 0, 0, 20, 0, 0, 0, 0, 4, 3, 27
"c:\xampp\htdocs\VegaExpress\vendor\phpmailer\phpmailer\language\phpmailer.lang-es.php", "PHP", 0, 0, 0, 0, 0, 20, 0, 0, 0, 0, 5, 3, 28
"c:\xampp\htdocs\VegaExpress\vendor\phpmailer\phpmailer\language\phpmailer.lang-et.php", "PHP", 0, 0, 0, 0, 0, 20, 0, 0, 0, 0, 6, 3, 29
"c:\xampp\htdocs\VegaExpress\vendor\phpmailer\phpmailer\language\phpmailer.lang-fa.php", "PHP", 0, 0, 0, 0, 0, 20, 0, 0, 0, 0, 6, 3, 29
"c:\xampp\htdocs\VegaExpress\vendor\phpmailer\phpmailer\language\phpmailer.lang-fi.php", "PHP", 0, 0, 0, 0, 0, 14, 0, 0, 0, 0, 12, 3, 29
"c:\xampp\htdocs\VegaExpress\vendor\phpmailer\phpmailer\language\phpmailer.lang-fo.php", "PHP", 0, 0, 0, 0, 0, 13, 0, 0, 0, 0, 12, 3, 28
"c:\xampp\htdocs\VegaExpress\vendor\phpmailer\phpmailer\language\phpmailer.lang-fr.php", "PHP", 0, 0, 0, 0, 0, 22, 0, 0, 0, 0, 8, 3, 33
"c:\xampp\htdocs\VegaExpress\vendor\phpmailer\phpmailer\language\phpmailer.lang-gl.php", "PHP", 0, 0, 0, 0, 0, 19, 0, 0, 0, 0, 6, 3, 28
"c:\xampp\htdocs\VegaExpress\vendor\phpmailer\phpmailer\language\phpmailer.lang-he.php", "PHP", 0, 0, 0, 0, 0, 19, 0, 0, 0, 0, 6, 3, 28
"c:\xampp\htdocs\VegaExpress\vendor\phpmailer\phpmailer\language\phpmailer.lang-hi.php", "PHP", 0, 0, 0, 0, 0, 20, 0, 0, 0, 0, 5, 3, 28
"c:\xampp\htdocs\VegaExpress\vendor\phpmailer\phpmailer\language\phpmailer.lang-hr.php", "PHP", 0, 0, 0, 0, 0, 20, 0, 0, 0, 0, 5, 3, 28
"c:\xampp\htdocs\VegaExpress\vendor\phpmailer\phpmailer\language\phpmailer.lang-hu.php", "PHP", 0, 0, 0, 0, 0, 20, 0, 0, 0, 0, 5, 3, 28
"c:\xampp\htdocs\VegaExpress\vendor\phpmailer\phpmailer\language\phpmailer.lang-hy.php", "PHP", 0, 0, 0, 0, 0, 20, 0, 0, 0, 0, 5, 3, 28
"c:\xampp\htdocs\VegaExpress\vendor\phpmailer\phpmailer\language\phpmailer.lang-id.php", "PHP", 0, 0, 0, 0, 0, 22, 0, 0, 0, 0, 7, 3, 32
"c:\xampp\htdocs\VegaExpress\vendor\phpmailer\phpmailer\language\phpmailer.lang-it.php", "PHP", 0, 0, 0, 0, 0, 20, 0, 0, 0, 0, 6, 3, 29
"c:\xampp\htdocs\VegaExpress\vendor\phpmailer\phpmailer\language\phpmailer.lang-ja.php", "PHP", 0, 0, 0, 0, 0, 13, 0, 0, 0, 0, 13, 3, 29
"c:\xampp\htdocs\VegaExpress\vendor\phpmailer\phpmailer\language\phpmailer.lang-ka.php", "PHP", 0, 0, 0, 0, 0, 20, 0, 0, 0, 0, 5, 3, 28
"c:\xampp\htdocs\VegaExpress\vendor\phpmailer\phpmailer\language\phpmailer.lang-ko.php", "PHP", 0, 0, 0, 0, 0, 20, 0, 0, 0, 0, 5, 3, 28
"c:\xampp\htdocs\VegaExpress\vendor\phpmailer\phpmailer\language\phpmailer.lang-lt.php", "PHP", 0, 0, 0, 0, 0, 19, 0, 0, 0, 0, 6, 3, 28
"c:\xampp\htdocs\VegaExpress\vendor\phpmailer\phpmailer\language\phpmailer.lang-lv.php", "PHP", 0, 0, 0, 0, 0, 19, 0, 0, 0, 0, 6, 3, 28
"c:\xampp\htdocs\VegaExpress\vendor\phpmailer\phpmailer\language\phpmailer.lang-mg.php", "PHP", 0, 0, 0, 0, 0, 20, 0, 0, 0, 0, 5, 3, 28
"c:\xampp\htdocs\VegaExpress\vendor\phpmailer\phpmailer\language\phpmailer.lang-ms.php", "PHP", 0, 0, 0, 0, 0, 20, 0, 0, 0, 0, 5, 3, 28
"c:\xampp\htdocs\VegaExpress\vendor\phpmailer\phpmailer\language\phpmailer.lang-nb.php", "PHP", 0, 0, 0, 0, 0, 20, 0, 0, 0, 0, 4, 3, 27
"c:\xampp\htdocs\VegaExpress\vendor\phpmailer\phpmailer\language\phpmailer.lang-nl.php", "PHP", 0, 0, 0, 0, 0, 22, 0, 0, 0, 0, 5, 3, 30
"c:\xampp\htdocs\VegaExpress\vendor\phpmailer\phpmailer\language\phpmailer.lang-pl.php", "PHP", 0, 0, 0, 0, 0, 21, 0, 0, 0, 0, 4, 3, 28
"c:\xampp\htdocs\VegaExpress\vendor\phpmailer\phpmailer\language\phpmailer.lang-pt.php", "PHP", 0, 0, 0, 0, 0, 20, 0, 0, 0, 0, 5, 3, 28
"c:\xampp\htdocs\VegaExpress\vendor\phpmailer\phpmailer\language\phpmailer.lang-pt_br.php", "PHP", 0, 0, 0, 0, 0, 20, 0, 0, 0, 0, 8, 3, 31
"c:\xampp\htdocs\VegaExpress\vendor\phpmailer\phpmailer\language\phpmailer.lang-ro.php", "PHP", 0, 0, 0, 0, 0, 20, 0, 0, 0, 0, 5, 3, 28
"c:\xampp\htdocs\VegaExpress\vendor\phpmailer\phpmailer\language\phpmailer.lang-ru.php", "PHP", 0, 0, 0, 0, 0, 20, 0, 0, 0, 0, 6, 3, 29
"c:\xampp\htdocs\VegaExpress\vendor\phpmailer\phpmailer\language\phpmailer.lang-sk.php", "PHP", 0, 0, 0, 0, 0, 22, 0, 0, 0, 0, 6, 3, 31
"c:\xampp\htdocs\VegaExpress\vendor\phpmailer\phpmailer\language\phpmailer.lang-sl.php", "PHP", 0, 0, 0, 0, 0, 22, 0, 0, 0, 0, 7, 3, 32
"c:\xampp\htdocs\VegaExpress\vendor\phpmailer\phpmailer\language\phpmailer.lang-sr.php", "PHP", 0, 0, 0, 0, 0, 20, 0, 0, 0, 0, 6, 3, 29
"c:\xampp\htdocs\VegaExpress\vendor\phpmailer\phpmailer\language\phpmailer.lang-sr_latn.php", "PHP", 0, 0, 0, 0, 0, 20, 0, 0, 0, 0, 6, 3, 29
"c:\xampp\htdocs\VegaExpress\vendor\phpmailer\phpmailer\language\phpmailer.lang-sv.php", "PHP", 0, 0, 0, 0, 0, 19, 0, 0, 0, 0, 6, 3, 28
"c:\xampp\htdocs\VegaExpress\vendor\phpmailer\phpmailer\language\phpmailer.lang-tl.php", "PHP", 0, 0, 0, 0, 0, 20, 0, 0, 0, 0, 6, 3, 29
"c:\xampp\htdocs\VegaExpress\vendor\phpmailer\phpmailer\language\phpmailer.lang-tr.php", "PHP", 0, 0, 0, 0, 0, 20, 0, 0, 0, 0, 9, 3, 32
"c:\xampp\htdocs\VegaExpress\vendor\phpmailer\phpmailer\language\phpmailer.lang-uk.php", "PHP", 0, 0, 0, 0, 0, 20, 0, 0, 0, 0, 6, 3, 29
"c:\xampp\htdocs\VegaExpress\vendor\phpmailer\phpmailer\language\phpmailer.lang-vi.php", "PHP", 0, 0, 0, 0, 0, 19, 0, 0, 0, 0, 6, 3, 28
"c:\xampp\htdocs\VegaExpress\vendor\phpmailer\phpmailer\language\phpmailer.lang-zh.php", "PHP", 0, 0, 0, 0, 0, 20, 0, 0, 0, 0, 7, 3, 30
"c:\xampp\htdocs\VegaExpress\vendor\phpmailer\phpmailer\language\phpmailer.lang-zh_cn.php", "PHP", 0, 0, 0, 0, 0, 20, 0, 0, 0, 0, 7, 3, 30
"c:\xampp\htdocs\VegaExpress\vendor\phpmailer\phpmailer\src\Exception.php", "PHP", 0, 0, 0, 0, 0, 9, 0, 0, 0, 0, 28, 4, 41
"c:\xampp\htdocs\VegaExpress\vendor\phpmailer\phpmailer\src\OAuth.php", "PHP", 0, 0, 0, 0, 0, 46, 0, 0, 0, 0, 79, 15, 140
"c:\xampp\htdocs\VegaExpress\vendor\phpmailer\phpmailer\src\PHPMailer.php", "PHP", 0, 0, 0, 0, 0, 2745, 0, 0, 0, 0, 1834, 370, 4949
"c:\xampp\htdocs\VegaExpress\vendor\phpmailer\phpmailer\src\POP3.php", "PHP", 0, 0, 0, 0, 0, 171, 0, 0, 0, 0, 229, 49, 449
"c:\xampp\htdocs\VegaExpress\vendor\phpmailer\phpmailer\src\SMTP.php", "PHP", 0, 0, 0, 0, 0, 717, 0, 0, 0, 0, 598, 141, 1456
"Total", "-", 18573, 476, 503, 15, 541, 11266, 8, 91, 38384, 124, 6918, 15388, 92287